id,first_name,last_name,email
1,Con,Triggol,ctriggol0@bloomberg.com
2,Roselle,Climer,rclimer1@ovh.net
3,Orville,Kersey,okersey2@unesco.org
4,Jud,Dunwoody,jdunwoody3@usa.gov
5,Chaunce,Scotford,cscotford4@hao123.com
6,Shaw,Adriaan,sadriaan5@discovery.com
7,Christina,Galliford,cgalliford6@reuters.com
8,Nady,Corr,ncorr7@columbia.edu
9,Kerwinn,Percival,kpercival8@redcross.org
10,Karyl,Maddocks,kmaddocks9@unicef.org
11,Barbra,Diaper,bdiapera@amazon.de
12,Ruthi,Dane,rdaneb@goo.ne.jp
13,Amye,Wrightem,awrightemc@cbc.ca
14,Salvador,Danelet,sdaneletd@desdev.cn
15,Christie,Tullot,ctullote@dagondesign.com
16,Loleta,Berth,lberthf@weather.com
17,Elden,McGeady,emcgeadyg@prlog.org
18,Eddie,Whitehorne,ewhitehorneh@msu.edu
19,Shantee,Godley,sgodleyi@elegantthemes.com
20,Florina,Braine,fbrainej@wufoo.com
21,Claribel,Paulisch,cpaulischk@over-blog.com
22,Marion,Culham,mculhaml@buzzfeed.com
23,Kurt,Flarity,kflaritym@furl.net
24,Valaree,Abrams,vabramsn@51.la
25,Janenna,Kopisch,jkopischo@lulu.com
26,Billi,Strange,bstrangep@cnbc.com
27,Chico,Mose,cmoseq@naver.com
28,Naoma,De Lorenzo,ndelorenzor@wiley.com
29,Ericka,Lovelace,elovelaces@jigsy.com
30,Devan,Pepler,dpeplert@sfgate.com
31,Dagny,Coyett,dcoyettu@odnoklassniki.ru
32,Aurora,Inchbald,ainchbaldv@spiegel.de
33,Samuel,Vazquez,svazquezw@bbb.org
34,Lin,Dreger,ldregerx@shareasale.com
35,Rafaello,Krelle,rkrelley@mediafire.com
36,Addy,Dudbridge,adudbridgez@joomla.org
37,Caitrin,de Castelain,cdecastelain10@tinypic.com
38,Sutton,Jenkyn,sjenkyn11@so-net.ne.jp
39,Jobye,Ferriman,jferriman12@flickr.com
40,Claudie,Antognetti,cantognetti13@histats.com
41,Rosemonde,Brimilcome,rbrimilcome14@google.com
42,Colas,Fern,cfern15@feedburner.com
43,Jessi,Sickert,jsickert16@narod.ru
44,Archibaldo,Pepye,apepye17@paypal.com
45,Shaw,Brushfield,sbrushfield18@wordpress.com
46,Vaughan,Petrakov,vpetrakov19@toplist.cz
47,Eleonore,Gouda,egouda1a@histats.com
48,Ephraim,Bogey,ebogey1b@multiply.com
49,Laurena,Duffin,lduffin1c@last.fm
50,Stace,MacPherson,smacpherson1d@ocn.ne.jp
51,Halsy,Lawlance,hlawlance1e@pinterest.com
52,Skippie,Vanichkin,svanichkin1f@topsy.com
53,Pierce,Poletto,ppoletto1g@abc.net.au
54,Mickey,Covely,mcovely1h@123-reg.co.uk
55,Sonia,Surgeoner,ssurgeoner1i@ameblo.jp
56,Marcile,Nobbs,mnobbs1j@ftc.gov
57,Raffaello,Shay,rshay1k@topsy.com
58,Hana,Westcot,hwestcot1l@cyberchimps.com
59,Mortimer,Chatfield,mchatfield1m@gravatar.com
60,Leila,Meys,lmeys1n@cnn.com
61,Giorgio,Lorens,glorens1o@hexun.com
62,Shea,Mowson,smowson1p@4shared.com
63,Demetri,Jordin,djordin1q@example.com
64,Berny,Blakeston,bblakeston1r@businessweek.com
65,Enrico,Ritchie,eritchie1s@usda.gov
66,Mufi,Rountree,mrountree1t@de.vu
67,Corena,Davidson,cdavidson1u@ameblo.jp
68,Nada,Dade,ndade1v@wiley.com
69,Carena,Stenton,cstenton1w@columbia.edu
70,Myer,Reddy,mreddy1x@imageshack.us
71,Angelina,Kybird,akybird1y@ycombinator.com
72,Zea,Grief,zgrief1z@dot.gov
73,Hulda,McKinnon,hmckinnon20@pen.io
74,Harmony,Kamienski,hkamienski21@youku.com
75,Jazmin,Worsalls,jworsalls22@smugmug.com
76,Glenden,Ollet,gollet23@hc360.com
77,Orlan,Choke,ochoke24@fc2.com
78,Peria,Thorsen,pthorsen25@mozilla.org
79,Hastings,Blandford,hblandford26@google.cn
80,Douglas,Standage,dstandage27@who.int
81,Kristal,Janton,kjanton28@mit.edu
82,Karon,Dugan,kdugan29@timesonline.co.uk
83,Lew,Portingale,lportingale2a@businessweek.com
84,Rockie,Chillingworth,rchillingworth2b@phoca.cz
85,Roxie,Mikalski,rmikalski2c@etsy.com
86,Wyn,Fallens,wfallens2d@behance.net
87,Lydie,Milsap,lmilsap2e@pinterest.com
88,Putnem,Bourhill,pbourhill2f@moonfruit.com
89,Clovis,Hamfleet,chamfleet2g@github.com
90,Mirilla,Lonsdale,mlonsdale2h@ft.com
91,Adore,Warlaw,awarlaw2i@salon.com
92,Carmine,Geldert,cgeldert2j@naver.com
93,Kristo,Gartell,kgartell2k@reuters.com
94,Alikee,Goodhay,agoodhay2l@shinystat.com
95,Tuesday,Peckett,tpeckett2m@yellowbook.com
96,Pearle,Flello,pflello2n@timesonline.co.uk
97,Rosemary,Traske,rtraske2o@macromedia.com
98,Kimbra,Zink,kzink2p@facebook.com
99,Dulcine,Andress,dandress2q@miibeian.gov.cn
100,Ag,Schoolfield,aschoolfield2r@posterous.com
101,Zacharie,Gaukrodge,zgaukrodge2s@ebay.co.uk
102,Portia,Dumbrell,pdumbrell2t@sbwire.com
103,Trix,Ranken,tranken2u@nifty.com
104,Dale,Reisin,dreisin2v@trellian.com
105,Robby,Waddam,rwaddam2w@java.com
106,Rafael,Domesday,rdomesday2x@china.com.cn
107,Reube,Scourgie,rscourgie2y@mozilla.org
108,Friedrick,Lundon,flundon2z@ehow.com
109,Miranda,Mackin,mmackin30@a8.net
110,Rob,Denisyuk,rdenisyuk31@statcounter.com
111,Babbie,Shepstone,bshepstone32@goo.gl
112,Dalli,Dwyer,ddwyer33@studiopress.com
113,Flem,Squires,fsquires34@webs.com
114,Mylo,Livings,mlivings35@privacy.gov.au
115,Tirrell,Bertouloume,tbertouloume36@eepurl.com
116,Taffy,Darrington,tdarrington37@opera.com
117,Rosetta,MacDiarmond,rmacdiarmond38@technorati.com
118,Mohandas,Garbar,mgarbar39@godaddy.com
119,Andrus,Larrat,alarrat3a@elpais.com
120,Urbanus,Jillins,ujillins3b@google.fr
121,Sherrie,O'Fielly,sofielly3c@aol.com
122,Teodoor,Elman,telman3d@noaa.gov
123,Bibbye,Snaddin,bsnaddin3e@amazonaws.com
124,Alley,Maud,amaud3f@sohu.com
125,Jerad,Elliot,jelliot3g@spiegel.de
126,Jerrie,Itzak,jitzak3h@patch.com
127,Meridith,Goodanew,mgoodanew3i@rambler.ru
128,Jamill,Dobson,jdobson3j@jugem.jp
129,Dehlia,Bever,dbever3k@vk.com
130,Rebekkah,Van Haeften,rvanhaeften3l@cnn.com
131,Alick,Burdikin,aburdikin3m@ehow.com
132,Adrianna,Dibnah,adibnah3n@arstechnica.com
133,Laurianne,Port,lport3o@amazon.co.uk
134,Almire,Stitch,astitch3p@utexas.edu
135,Sid,Tansill,stansill3q@google.com.br
136,Agnese,Effaunt,aeffaunt3r@tinyurl.com
137,Jule,Minger,jminger3s@ocn.ne.jp
138,Brynna,Scorey,bscorey3t@mediafire.com
139,Edythe,Derricoat,ederricoat3u@si.edu
140,Redford,Kamen,rkamen3v@businessweek.com
141,Theodora,Kimmince,tkimmince3w@163.com
142,Elvina,Tuberfield,etuberfield3x@cdbaby.com
143,Mellicent,O'Hern,mohern3y@noaa.gov
144,Spenser,Padberry,spadberry3z@google.nl
145,Nan,Woodroffe,nwoodroffe40@gov.uk
146,Avram,Garces,agarces41@purevolume.com
147,Mellisent,Rawood,mrawood42@gravatar.com
148,Oby,Pieterick,opieterick43@microsoft.com
149,Manolo,Loxley,mloxley44@clickbank.net
150,Antonino,Cammoile,acammoile45@berkeley.edu
151,Cameron,Hardie,chardie46@biglobe.ne.jp
152,Jacklin,Thick,jthick47@edublogs.org
153,Wandis,Casini,wcasini48@cbc.ca
154,Robinson,Gaine of England,rgaineofengland49@pinterest.com
155,Delphinia,Float,dfloat4a@ca.gov
156,Minetta,Uff,muff4b@nbcnews.com
157,Olympie,Ginnane,oginnane4c@msn.com
158,Abagael,Altofts,aaltofts4d@nasa.gov
159,Brigida,Powell,bpowell4e@uol.com.br
160,Barron,Ricson,bricson4f@lycos.com
161,Bellina,Ramlot,bramlot4g@exblog.jp
162,Dido,Merck,dmerck4h@virginia.edu
163,Jerrine,Livett,jlivett4i@artisteer.com
164,Gherardo,Megahey,gmegahey4j@etsy.com
165,Bernadette,Hugnet,bhugnet4k@japanpost.jp
166,Alyss,d' Eye,adeye4l@youtu.be
167,Dorian,Pappi,dpappi4m@sitemeter.com
168,Christy,Grzelak,cgrzelak4n@microsoft.com
169,Ernest,Beckitt,ebeckitt4o@europa.eu
170,Marlee,Langstone,mlangstone4p@tuttocitta.it
171,Nial,Hinks,nhinks4q@mail.ru
172,Ashleigh,Weir,aweir4r@webeden.co.uk
173,Thorvald,Pyrke,tpyrke4s@typepad.com
174,King,Stockin,kstockin4t@businessweek.com
175,Hortensia,Whittles,hwhittles4u@artisteer.com
176,Pancho,Landre,plandre4v@senate.gov
177,Ilise,Shearsby,ishearsby4w@yale.edu
178,Sloan,O' Kelleher,sokelleher4x@elegantthemes.com
179,Violante,Errichiello,verrichiello4y@google.com.br
180,Linus,Henken,lhenken4z@senate.gov
181,Roderic,Wythe,rwythe50@pen.io
182,Oberon,Ovington,oovington51@deliciousdays.com
183,Anders,Neising,aneising52@facebook.com
184,Barbette,Ovett,bovett53@opera.com
185,Ivar,Mosten,imosten54@sina.com.cn
186,Menard,Jansie,mjansie55@wp.com
187,Filia,Durram,fdurram56@posterous.com
188,Keene,Redmille,kredmille57@1688.com
189,Kevon,Ivushkin,kivushkin58@irs.gov
190,Glynda,Harte,gharte59@prnewswire.com
191,Nert,Storch,nstorch5a@csmonitor.com
192,Elnore,Callear,ecallear5b@cpanel.net
193,Tandy,Nickolls,tnickolls5c@free.fr
194,Lucho,Patinkin,lpatinkin5d@behance.net
195,Stillman,Tisor,stisor5e@mozilla.com
196,Homer,Duker,hduker5f@wordpress.org
197,Enrica,Oxley,eoxley5g@google.com.au
198,Jaime,Alvey,jalvey5h@statcounter.com
199,Jerrome,Hansel,jhansel5i@reuters.com
200,Baxter,Tomasek,btomasek5j@themeforest.net
201,Rabbi,Conboy,rconboy5k@businessinsider.com
202,Evered,Renahan,erenahan5l@ovh.net
203,Maryanna,Ramas,mramas5m@trellian.com
204,Suzie,MacCague,smaccague5n@goo.gl
205,Jackquelin,Pauel,jpauel5o@state.gov
206,Tessa,Vigrass,tvigrass5p@indiatimes.com
207,Baxy,Knill,bknill5q@chicagotribune.com
208,Astrid,Grace,agrace5r@hhs.gov
209,Gavra,Dobble,gdobble5s@prweb.com
210,Steffi,Vurley,svurley5t@china.com.cn
211,Falito,Morpeth,fmorpeth5u@google.com
212,Ediva,Woolvin,ewoolvin5v@delicious.com
213,Jaquenetta,Klaesson,jklaesson5w@nhs.uk
214,Oates,Gidman,ogidman5x@google.com.au
215,Marty,Colman,mcolman5y@earthlink.net
216,Morey,Terney,mterney5z@auda.org.au
217,Bay,Morrill,bmorrill60@flavors.me
218,Pammie,Tulk,ptulk61@jimdo.com
219,Penelopa,Baldam,pbaldam62@sakura.ne.jp
220,Rich,Cordeau,rcordeau63@sina.com.cn
221,Henrik,Blinder,hblinder64@gnu.org
222,Charity,Buckberry,cbuckberry65@mac.com
223,Hamlen,Castro,hcastro66@sina.com.cn
224,Albertine,Di Pietro,adipietro67@vinaora.com
225,Manuel,Holcroft,mholcroft68@over-blog.com
226,Laurens,Walsh,lwalsh69@addthis.com
227,Corty,Gawler,cgawler6a@dailymotion.com
228,Vikky,Fosken,vfosken6b@reddit.com
229,Anestassia,Thurlbourne,athurlbourne6c@sun.com
230,Tiffanie,Sergeant,tsergeant6d@gravatar.com
231,Fulvia,Whaley,fwhaley6e@yelp.com
232,Frances,Asey,fasey6f@unc.edu
233,Culver,Lifton,clifton6g@behance.net
234,Spencer,Hallt,shallt6h@house.gov
235,Bobbette,Getsham,bgetsham6i@163.com
236,Ilyse,Bonnyson,ibonnyson6j@so-net.ne.jp
237,Annabal,Elis,aelis6k@google.co.uk
238,Ely,Shakelady,eshakelady6l@themeforest.net
239,Mozes,Pachmann,mpachmann6m@privacy.gov.au
240,Laurens,Romanelli,lromanelli6n@cnbc.com
241,Roxane,Gerhartz,rgerhartz6o@theatlantic.com
242,Adah,Lawlan,alawlan6p@theglobeandmail.com
243,Joye,Ashpital,jashpital6q@github.io
244,Talya,Croxon,tcroxon6r@nba.com
245,Roana,Stubs,rstubs6s@mayoclinic.com
246,Danny,Murrigans,dmurrigans6t@house.gov
247,Galina,Leftbridge,gleftbridge6u@umn.edu
248,Beverie,Manhood,bmanhood6v@msu.edu
249,Muffin,Hoyt,mhoyt6w@unicef.org
250,Delphinia,Dainty,ddainty6x@sogou.com
251,Dag,Tivnan,dtivnan6y@seattletimes.com
252,Ethelred,Woolfenden,ewoolfenden6z@ucsd.edu
253,Donni,Hallmark,dhallmark70@taobao.com
254,Flossi,Dicky,fdicky71@bluehost.com
255,Oralie,Hedde,ohedde72@about.com
256,Delcina,Webby,dwebby73@github.com
257,Ester,Mackerness,emackerness74@prnewswire.com
258,Mill,Ramsier,mramsier75@wix.com
259,Midge,Toon,mtoon76@uiuc.edu
260,Valdemar,Emanson,vemanson77@vinaora.com
261,Taddeo,Hubbucke,thubbucke78@bing.com
262,Rutter,Allicock,rallicock79@china.com.cn
263,Holli,Bentham3,hbentham7a@multiply.com
264,Arel,O'Teague,aoteague7b@yahoo.co.jp
265,Jervis,Still,jstill7c@cam.ac.uk
266,Twila,Keene,tkeene7d@w3.org
267,Isis,Jeste,ijeste7e@technorati.com
268,Thayne,Ing,ting7f@icio.us
269,Melodee,Pavlik,mpavlik7g@sphinn.com
270,Ruthanne,Gorvette,rgorvette7h@oakley.com
271,Erastus,Huikerby,ehuikerby7i@who.int
272,Cristen,Ogborn,cogborn7j@bloomberg.com
273,Devin,Kohnen,dkohnen7k@gov.uk
274,Aurel,Lombard,alombard7l@microsoft.com
275,Timmie,Mailey,tmailey7m@multiply.com
276,Ursa,Stringer,ustringer7n@jigsy.com
277,Morganne,Nathon,mnathon7o@columbia.edu
278,Raynor,Thurnham,rthurnham7p@ycombinator.com
279,Agatha,MacRinn,amacrinn7q@wiley.com
280,Nat,Ruddiforth,nruddiforth7r@blinklist.com
281,Briggs,Iori,biori7s@kickstarter.com
282,Lind,Bruyns,lbruyns7t@instagram.com
283,Noella,Palley,npalley7u@usgs.gov
284,Penrod,Milham,pmilham7v@reference.com
285,Honey,Pattrick,hpattrick7w@mozilla.org
286,Merridie,Mayze,mmayze7x@addthis.com
287,Izzy,Shrawley,ishrawley7y@webs.com
288,Ariella,Tomasek,atomasek7z@webs.com
289,Antony,Muckloe,amuckloe80@fotki.com
290,Ula,Chesher,uchesher81@craigslist.org
291,Genevra,Lyver,glyver82@oakley.com
292,Sydel,Agent,sagent83@abc.net.au
293,Chevy,Botte,cbotte84@deviantart.com
294,Candis,Atterbury,catterbury85@economist.com
295,Tonnie,Garvill,tgarvill86@princeton.edu
296,Dulcinea,MacUchadair,dmacuchadair87@histats.com
297,Tyson,Lathy,tlathy88@yolasite.com
298,Justinn,Gleave,jgleave89@mysql.com
299,Maryjane,Pierce,mpierce8a@aol.com
300,Ula,Durtnell,udurtnell8b@google.ca
301,Johna,Peegrem,jpeegrem8c@slashdot.org
302,Fairlie,Bowness,fbowness8d@youku.com
303,Jeniffer,Longo,jlongo8e@usatoday.com
304,Monro,Doornbos,mdoornbos8f@independent.co.uk
305,Pearce,Ludlamme,pludlamme8g@goo.ne.jp
306,Wheeler,Thayre,wthayre8h@mozilla.com
307,Derrick,Puckett,dpuckett8i@histats.com
308,Lindsay,Woolard,lwoolard8j@paypal.com
309,Alessandra,Lockett,alockett8k@harvard.edu
310,Ryann,Astley,rastley8l@berkeley.edu
311,Toby,Jayme,tjayme8m@cbslocal.com
312,Etheline,Voyce,evoyce8n@example.com
313,Abram,Bolland,abolland8o@aboutads.info
314,Chlo,De Hoogh,cdehoogh8p@weebly.com
315,Bentlee,Purbrick,bpurbrick8q@va.gov
316,Nani,Wasson,nwasson8r@latimes.com
317,Delphine,Sevier,dsevier8s@archive.org
318,Carroll,Climer,cclimer8t@tripadvisor.com
319,Teena,Cokayne,tcokayne8u@jiathis.com
320,Grayce,Alenikov,galenikov8v@newyorker.com
321,Allie,Levett,alevett8w@amazon.de
322,Tamera,Gratrix,tgratrix8x@ocn.ne.jp
323,Tan,McGavigan,tmcgavigan8y@fema.gov
324,Lizabeth,Purslow,lpurslow8z@jimdo.com
325,Jareb,Darragon,jdarragon90@nytimes.com
326,Christophe,Aloigi,caloigi91@csmonitor.com
327,Christie,De la croix,cdelacroix92@weather.com
328,Brooke,Ludvigsen,bludvigsen93@elpais.com
329,Clarke,Gianuzzi,cgianuzzi94@google.co.jp
330,Yule,Shires,yshires95@ted.com
331,Boniface,Lyburn,blyburn96@dedecms.com
332,Dante,Bispham,dbispham97@furl.net
333,Ardine,Kernley,akernley98@disqus.com
334,Candra,Devonish,cdevonish99@biblegateway.com
335,Danica,Challenor,dchallenor9a@dion.ne.jp
336,Sascha,Liston,sliston9b@discuz.net
337,Christalle,Yesinov,cyesinov9c@digg.com
338,Griffy,Beers,gbeers9d@pbs.org
339,Rudyard,Stevens,rstevens9e@ifeng.com
340,Griff,Speck,gspeck9f@goo.gl
341,Crystal,Phorsby,cphorsby9g@a8.net
342,Neron,Kesteven,nkesteven9h@accuweather.com
343,Trudie,Corcoran,tcorcoran9i@ucsd.edu
344,Si,Simukov,ssimukov9j@bloomberg.com
345,Kaleena,Massard,kmassard9k@intel.com
346,Kaja,Mulvenna,kmulvenna9l@telegraph.co.uk
347,Isabella,Handrock,ihandrock9m@sina.com.cn
348,Gwenette,Canacott,gcanacott9n@webnode.com
349,Andrea,Derobert,aderobert9o@baidu.com
350,Audie,Drewes,adrewes9p@hp.com
351,Merilyn,Barzen,mbarzen9q@sciencedirect.com
352,Evaleen,Simond,esimond9r@telegraph.co.uk
353,Sylvan,Bigrigg,sbigrigg9s@sourceforge.net
354,Bonnibelle,Bradlaugh,bbradlaugh9t@seattletimes.com
355,Greg,Brookes,gbrookes9u@theatlantic.com
356,Isabeau,Rawson,irawson9v@reference.com
357,Giorgia,Littlekit,glittlekit9w@t-online.de
358,Randolph,Bartolomeu,rbartolomeu9x@sphinn.com
359,Nance,Osichev,nosichev9y@cmu.edu
360,Zonda,Misson,zmisson9z@kickstarter.com
361,Ulrich,Saintsbury,usaintsburya0@macromedia.com
362,Elsbeth,Easterby,eeasterbya1@ow.ly
363,Marcos,Scurlock,mscurlocka2@miitbeian.gov.cn
364,Adella,Briers,abriersa3@wikipedia.org
365,Gussy,McIlwraith,gmcilwraitha4@jalbum.net
366,Berkeley,Cockarill,bcockarilla5@fda.gov
367,Morganne,Bolsover,mbolsovera6@dion.ne.jp
368,Eziechiele,Kennea,ekenneaa7@usatoday.com
369,Alisun,Haysom,ahaysoma8@youtube.com
370,Malynda,Liggins,mligginsa9@guardian.co.uk
371,Standford,Kendrick,skendrickaa@msn.com
372,Mortimer,Dog,mdogab@360.cn
373,Cinderella,Attenbrow,cattenbrowac@comsenz.com
374,Fransisco,Daville,fdavillead@lulu.com
375,Ashla,Whife,awhifeae@zdnet.com
376,Rusty,Stannah,rstannahaf@blogs.com
377,Anna-diane,Skirvin,askirvinag@yellowbook.com
378,Eilis,Curston,ecurstonah@digg.com
379,Andriette,Janca,ajancaai@opera.com
380,Jorge,MacGinney,jmacginneyaj@japanpost.jp
381,Lisle,Mossop,lmossopak@phoca.cz
382,Stephenie,Pedlow,spedlowal@nyu.edu
383,Liv,Golborn,lgolbornam@arstechnica.com
384,Amelina,Dodsley,adodsleyan@google.it
385,Caspar,Kybird,ckybirdao@earthlink.net
386,Jaye,Bysaker,jbysakerap@etsy.com
387,Ashia,Janowski,ajanowskiaq@pagesperso-orange.fr
388,Ashlin,Benditt,abendittar@google.co.uk
389,Cris,Fay,cfayas@reference.com
390,Neron,Leyton,nleytonat@github.com
391,Ealasaid,Muckeen,emuckeenau@ucla.edu
392,Ilario,McMorran,imcmorranav@nbcnews.com
393,Guthry,Elgar,gelgaraw@netvibes.com
394,Mel,Colthard,mcolthardax@smugmug.com
395,Austen,Ashworth,aashworthay@posterous.com
396,Fernandina,Mayward,fmaywardaz@uol.com.br
397,Ferdinande,Laming,flamingb0@usa.gov
398,Ammamaria,Gales,agalesb1@go.com
399,Natala,McIlvenny,nmcilvennyb2@redcross.org
400,Danette,Munson,dmunsonb3@google.com
401,June,Roskruge,jroskrugeb4@cisco.com
402,Mordecai,Sollime,msollimeb5@mit.edu
403,Kristel,Airs,kairsb6@hhs.gov
404,Chan,Wakerley,cwakerleyb7@flickr.com
405,Daniela,D'Ambrosio,ddambrosiob8@people.com.cn
406,Quint,McAuley,qmcauleyb9@ibm.com
407,Melisa,Skotcher,mskotcherba@chron.com
408,Moore,Rudolfer,mrudolferbb@google.ru
409,Joly,Bru,jbrubc@samsung.com
410,Charmaine,Downs,cdownsbd@ehow.com
411,Barnebas,Fleckness,bflecknessbe@bluehost.com
412,Glenna,Kenrat,gkenratbf@google.de
413,Kylynn,Starkie,kstarkiebg@army.mil
414,Sinclair,Minghetti,sminghettibh@engadget.com
415,Noella,Ghelardoni,nghelardonibi@washingtonpost.com
416,Arly,Preddle,apreddlebj@china.com.cn
417,Luciano,Swatradge,lswatradgebk@parallels.com
418,Sande,Pitblado,spitbladobl@yellowbook.com
419,Shauna,Tomas,stomasbm@google.ru
420,Hermione,Catford,hcatfordbn@mit.edu
421,Rudd,Warman,rwarmanbo@google.com.hk
422,Barton,Troillet,btroilletbp@liveinternet.ru
423,Dudley,Adamsky,dadamskybq@skyrock.com
424,Anestassia,McBeth,amcbethbr@sourceforge.net
425,Korey,Mitchel,kmitchelbs@geocities.com
426,Allissa,Daouse,adaousebt@cyberchimps.com
427,Chan,Pepys,cpepysbu@baidu.com
428,Christoforo,Echallie,cechalliebv@vistaprint.com
429,Roma,Clemmow,rclemmowbw@behance.net
430,Regina,Hedworth,rhedworthbx@thetimes.co.uk
431,Heidi,Labdon,hlabdonby@paypal.com
432,Elwood,Rigate,erigatebz@addtoany.com
433,Rosella,Cottingham,rcottinghamc0@aboutads.info
434,Bendix,Gutowska,bgutowskac1@infoseek.co.jp
435,Read,Clutton,rcluttonc2@usda.gov
436,Raychel,Hearn,rhearnc3@mac.com
437,Carce,Nigh,cnighc4@behance.net
438,Douglas,Gloster,dglosterc5@wp.com
439,Farrel,Newbery,fnewberyc6@tripod.com
440,Cherry,Rodnight,crodnightc7@nifty.com
441,Dallon,Rosoni,drosonic8@whitehouse.gov
442,Freda,Morena,fmorenac9@edublogs.org
443,Fina,Morena,fmorenaca@sun.com
444,Kin,Bottjer,kbottjercb@godaddy.com
445,Anjela,Dartnell,adartnellcc@pen.io
446,Henrik,Oliphant,holiphantcd@ted.com
447,Drucill,Huerta,dhuertace@merriam-webster.com
448,Norri,Hawkridge,nhawkridgecf@vinaora.com
449,Raimund,Norheny,rnorhenycg@ted.com
450,Melesa,MacFarlane,mmacfarlanech@globo.com
451,Starlene,Standbrooke,sstandbrookeci@cmu.edu
452,Mord,Scouller,mscoullercj@fastcompany.com
453,Aristotle,Augustin,aaugustinck@mozilla.org
454,Murry,Dessent,mdessentcl@vk.com
455,Katuscha,Dessent,kdessentcm@sbwire.com
456,Tory,Moule,tmoulecn@howstuffworks.com
457,Geri,Lorrimer,glorrimerco@uol.com.br
458,Hew,Ciraldo,hciraldocp@howstuffworks.com
459,Niall,Augustine,naugustinecq@ocn.ne.jp
460,Federica,Rodgers,frodgerscr@google.com.au
461,Marius,Hunnicutt,mhunnicuttcs@ow.ly
462,Sidoney,De Ruggero,sderuggeroct@geocities.com
463,Denna,Aylwin,daylwincu@slate.com
464,Tanya,Esslement,tesslementcv@noaa.gov
465,Olva,Bowland,obowlandcw@tmall.com
466,Antonella,Tourner,atournercx@comcast.net
467,Derrek,Gowlett,dgowlettcy@disqus.com
468,Cristal,Pear,cpearcz@freewebs.com
469,Hagan,Gloves,hglovesd0@netlog.com
470,Briana,McEwan,bmcewand1@twitpic.com
471,Allyn,Fisher,afisherd2@creativecommons.org
472,Hana,Shilladay,hshilladayd3@naver.com
473,Conan,Beatty,cbeattyd4@miibeian.gov.cn
474,Gwyn,Reap,greapd5@qq.com
475,Kip,Meaney,kmeaneyd6@moonfruit.com
476,Teodoro,Densun,tdensund7@harvard.edu
477,Currey,Mingus,cmingusd8@tuttocitta.it
478,Braden,Fretter,bfretterd9@indiegogo.com
479,Garwin,Spensley,gspensleyda@about.me
480,Davey,Swadden,dswaddendb@fc2.com
481,Nicholas,Heaffey,nheaffeydc@nature.com
482,Ermentrude,Stroud,estrouddd@patch.com
483,Edwin,Nunan,enunande@multiply.com
484,Truda,Parradine,tparradinedf@latimes.com
485,Robinson,Costi,rcostidg@umich.edu
486,Papageno,Meletti,pmelettidh@wiley.com
487,Ody,Gerretsen,ogerretsendi@psu.edu
488,Carmelle,Mayou,cmayoudj@digg.com
489,Moreen,Matissoff,mmatissoffdk@163.com
490,Uriel,Beveredge,ubeveredgedl@usgs.gov
491,Byram,Bridgnell,bbridgnelldm@who.int
492,Darcee,Markson,dmarksondn@samsung.com
493,Devland,Tidy,dtidydo@globo.com
494,Drucie,Elsbury,delsburydp@apple.com
495,Chariot,Meredith,cmeredithdq@feedburner.com
496,Mireille,Huff,mhuffdr@usatoday.com
497,Pascal,Espada,pespadads@domainmarket.com
498,Neville,Mackerel,nmackereldt@godaddy.com
499,Jarrod,Swainson,jswainsondu@cnet.com
500,Bowie,Gethen,bgethendv@friendfeed.com
501,Tomaso,Peltz,tpeltzdw@yahoo.com
502,Valenka,Canero,vcanerodx@wp.com
503,Dickie,Chandlar,dchandlardy@mlb.com
504,Dreddy,Malin,dmalindz@printfriendly.com
505,Joshia,Gorman,jgormane0@ftc.gov
506,Waly,Thewless,wthewlesse1@pcworld.com
507,Caro,Georg,cgeorge2@opera.com
508,Merl,Calcraft,mcalcrafte3@latimes.com
509,Taddeo,Owbridge,towbridgee4@cloudflare.com
510,Sanford,Nance,snancee5@netlog.com
511,Wash,Trengove,wtrengovee6@taobao.com
512,Gay,Vankin,gvankine7@behance.net
513,Cassaundra,Dmisek,cdmiseke8@europa.eu
514,Sherline,Southcott,ssouthcotte9@dropbox.com
515,Kennith,LeEstut,kleestutea@wp.com
516,Elisa,Mughal,emughaleb@barnesandnoble.com
517,Brynn,Arlidge,barlidgeec@economist.com
518,Mallorie,Wavell,mwavelled@npr.org
519,Angela,Chapleo,achapleoee@wunderground.com
520,Bertha,Tite,btiteef@angelfire.com
521,Uriel,Rawll,urawlleg@google.com.au
522,Orbadiah,Burlay,oburlayeh@newsvine.com
523,Lyle,Antoniewski,lantoniewskiei@live.com
524,Zola,Peel,zpeelej@ihg.com
525,Vivianna,Mucklo,vmuckloek@homestead.com
526,Orbadiah,Tort,otortel@alexa.com
527,Reinaldos,Bloxsom,rbloxsomem@yellowpages.com
528,Lura,Gascoine,lgascoineen@drupal.org
529,Olivia,Durgan,odurganeo@vinaora.com
530,Farley,Priestman,fpriestmanep@flavors.me
531,Trudy,Kirckman,tkirckmaneq@huffingtonpost.com
532,Allyce,Castagne,acastagneer@yellowbook.com
533,Nance,Hurle,nhurlees@huffingtonpost.com
534,Stacy,Szymon,sszymonet@elegantthemes.com
535,Adamo,Fogt,afogteu@wikispaces.com
536,Aldon,Joderli,ajoderliev@ucoz.com
537,Jarrad,Aarons,jaaronsew@homestead.com
538,Artemas,Dabes,adabesex@phoca.cz
539,Maurice,Carryer,mcarryerey@cyberchimps.com
540,Marcille,Murley,mmurleyez@issuu.com
541,Philippine,Tiffney,ptiffneyf0@harvard.edu
542,Charlene,Perrington,cperringtonf1@senate.gov
543,Herta,Counter,hcounterf2@tripod.com
544,Rhetta,Charlesworth,rcharlesworthf3@e-recht24.de
545,Gerda,Pyle,gpylef4@slideshare.net
546,Nerita,Sreenan,nsreenanf5@alexa.com
547,Maryellen,Meatyard,mmeatyardf6@smugmug.com
548,Leann,Wernher,lwernherf7@phoca.cz
549,Tobit,Annakin,tannakinf8@indiatimes.com
550,Gerhardt,Gullane,ggullanef9@example.com
551,Claire,Handrahan,chandrahanfa@amazon.co.jp
552,Karisa,Duiged,kduigedfb@spiegel.de
553,Verna,Sutterby,vsutterbyfc@imdb.com
554,Hewett,Vasiliu,hvasiliufd@latimes.com
555,Fleur,McJarrow,fmcjarrowfe@taobao.com
556,Melitta,Klewer,mklewerff@usnews.com
557,Damian,D'Agostini,ddagostinifg@eventbrite.com
558,Marris,Marunchak,mmarunchakfh@dyndns.org
559,Elna,Fehner,efehnerfi@alexa.com
560,Wendie,May,wmayfj@vkontakte.ru
561,Emlyn,Fearnsides,efearnsidesfk@photobucket.com
562,Caryl,Clunan,cclunanfl@state.gov
563,Ginnifer,McNeachtain,gmcneachtainfm@sitemeter.com
564,Findley,Twelves,ftwelvesfn@ehow.com
565,Dud,Bidnall,dbidnallfo@shareasale.com
566,Glynis,Haydock,ghaydockfp@oaic.gov.au
567,Nolie,McGreil,nmcgreilfq@macromedia.com
568,Annora,Waring,awaringfr@hatena.ne.jp
569,Randal,Dagon,rdagonfs@blinklist.com
570,Holly,Tinn,htinnft@vimeo.com
571,Roana,McOwan,rmcowanfu@cornell.edu
572,Jeno,Kirsz,jkirszfv@prweb.com
573,Gerrard,Bavister,gbavisterfw@dropbox.com
574,Dallas,Vinton,dvintonfx@army.mil
575,George,Gallemore,ggallemorefy@stanford.edu
576,Fiona,Grelka,fgrelkafz@posterous.com
577,Robb,Vinden,rvindeng0@shinystat.com
578,Beryl,Monkleigh,bmonkleighg1@twitter.com
579,Megan,Licciardi,mlicciardig2@mayoclinic.com
580,Catie,Cursey,ccurseyg3@theguardian.com
581,Collete,Jerrand,cjerrandg4@homestead.com
582,Addie,Sellens,asellensg5@ft.com
583,Thoma,Garrat,tgarratg6@rakuten.co.jp
584,Aldin,Eardley,aeardleyg7@tamu.edu
585,Nevsa,Shallow,nshallowg8@cpanel.net
586,Miquela,Milton-White,mmiltonwhiteg9@imdb.com
587,Oralle,Cattel,ocattelga@redcross.org
588,Ronica,Ruhben,rruhbengb@yolasite.com
589,Horst,Weakley,hweakleygc@google.com.br
590,Dyan,Yitshak,dyitshakgd@amazonaws.com
591,Bettye,Scothorn,bscothornge@netvibes.com
592,Trixi,de Werk,tdewerkgf@nationalgeographic.com
593,Rustie,Knight,rknightgg@mit.edu
594,Eleanora,Rundle,erundlegh@dyndns.org
595,Erda,O'Donnell,eodonnellgi@tuttocitta.it
596,Paxton,Aspray,paspraygj@typepad.com
597,Tabatha,Grunson,tgrunsongk@usnews.com
598,Vinny,Tidcomb,vtidcombgl@wikimedia.org
599,Janos,Aylmer,jaylmergm@bbb.org
600,Barry,Porkiss,bporkissgn@gnu.org
601,Justinian,McChruiter,jmcchruitergo@typepad.com
602,Marylee,Trowsdale,mtrowsdalegp@imdb.com
603,Estel,Castiglio,ecastigliogq@cpanel.net
604,Misti,Tuckley,mtuckleygr@statcounter.com
605,Cleve,Draycott,cdraycottgs@oakley.com
606,Lauren,Syson,lsysongt@who.int
607,Gradeigh,Hudd,ghuddgu@flickr.com
608,Deina,Zaple,dzaplegv@soundcloud.com
609,Monroe,Oliphand,moliphandgw@ted.com
610,Ginnie,Budden,gbuddengx@booking.com
611,Phillida,MacClenan,pmacclenangy@buzzfeed.com
612,Dill,Svanini,dsvaninigz@dailymotion.com
613,Graehme,Slogrove,gslogroveh0@reference.com
614,Itch,Lawes,ilawesh1@sakura.ne.jp
615,Avram,Prati,apratih2@nymag.com
616,Federica,Hazlegrove,fhazlegroveh3@hhs.gov
617,Shirleen,Luce,sluceh4@homestead.com
618,Rafaela,Grishkov,rgrishkovh5@indiegogo.com
619,Elayne,Speakman,espeakmanh6@pagesperso-orange.fr
620,Van,Maginot,vmaginoth7@cbslocal.com
621,Caryn,Yakovl,cyakovlh8@umich.edu
622,Darcy,Collicott,dcollicotth9@nih.gov
623,Daren,Stroband,dstrobandha@phoca.cz
624,Mattie,Helstrom,mhelstromhb@people.com.cn
625,Jean,Casserley,jcasserleyhc@cafepress.com
626,Callie,Hue,chuehd@comcast.net
627,Celene,Piaggia,cpiaggiahe@si.edu
628,Christye,Pillinger,cpillingerhf@example.com
629,Hillard,Hurry,hhurryhg@irs.gov
630,Carny,Marke,cmarkehh@drupal.org
631,Elwyn,Rainsbury,erainsburyhi@sina.com.cn
632,Selene,Honsch,shonschhj@nps.gov
633,Chantal,Domenc,cdomenchk@360.cn
634,Vivyan,Dart,vdarthl@oakley.com
635,Belia,Mailes,bmaileshm@forbes.com
636,Danny,MacAdam,dmacadamhn@godaddy.com
637,Olivia,Moylan,omoylanho@wufoo.com
638,Della,Dobie,ddobiehp@biglobe.ne.jp
639,Bethina,Chappelow,bchappelowhq@nasa.gov
640,Fay,Monroe,fmonroehr@nature.com
641,Florenza,Baildon,fbaildonhs@infoseek.co.jp
642,Balduin,Kitteridge,bkitteridgeht@tuttocitta.it
643,Adorne,Clampton,aclamptonhu@wunderground.com
644,Berkie,Gammet,bgammethv@nbcnews.com
645,Deana,Sear,dsearhw@people.com.cn
646,Valentijn,Quittonden,vquittondenhx@com.com
647,Averyl,Veldens,aveldenshy@about.com
648,Nathanael,Wileman,nwilemanhz@nba.com
649,Louie,Larrett,llarretti0@bigcartel.com
650,Shellie,Coppins,scoppinsi1@addthis.com
651,Pepillo,Eagling,peaglingi2@yandex.ru
652,Ediva,Shemelt,eshemelti3@illinois.edu
653,Stefanie,Tunnicliff,stunnicliffi4@fastcompany.com
654,Deane,Stillert,dstillerti5@blog.com
655,Verna,Corkan,vcorkani6@wp.com
656,Gilberta,Cinderey,gcindereyi7@behance.net
657,Angelle,Tomovic,atomovici8@statcounter.com
658,Clarke,Haversum,chaversumi9@spiegel.de
659,Audry,Hebson,ahebsonia@ustream.tv
660,Kiersten,Piet,kpietib@flickr.com
661,Fleur,O'Sirin,fosirinic@e-recht24.de
662,Doy,Birt,dbirtid@virginia.edu
663,Patrica,Matysiak,pmatysiakie@engadget.com
664,Gonzalo,Hawksworth,ghawksworthif@networksolutions.com
665,Rois,Rivett,rrivettig@tinyurl.com
666,Marney,Lisciandro,mlisciandroih@npr.org
667,Alidia,Dougharty,adoughartyii@google.com.br
668,Holt,Carey,hcareyij@plala.or.jp
669,Haley,Kingston,hkingstonik@boston.com
670,Berny,Eaken,beakenil@cam.ac.uk
671,Denys,Wildsmith,dwildsmithim@odnoklassniki.ru
672,Rosana,De Giovanni,rdegiovanniin@sohu.com
673,Camella,Antcliffe,cantcliffeio@nba.com
674,Tim,Elion,telionip@biglobe.ne.jp
675,Hallie,Purdon,hpurdoniq@va.gov
676,Baryram,Haughey,bhaugheyir@shutterfly.com
677,Godiva,Shrive,gshriveis@senate.gov
678,Silvana,Fleury,sfleuryit@bloomberg.com
679,Paulina,Dumsday,pdumsdayiu@sitemeter.com
680,Eryn,Moreman,emoremaniv@usa.gov
681,Evelyn,York,eyorkiw@latimes.com
682,Inigo,Tatlowe,itatloweix@sfgate.com
683,Lindsay,Levine,llevineiy@altervista.org
684,Carolin,Behr,cbehriz@dailymail.co.uk
685,Kellia,Pharro,kpharroj0@list-manage.com
686,Alena,Burnell,aburnellj1@sina.com.cn
687,Yoshi,Alldred,yalldredj2@barnesandnoble.com
688,Ramsey,Glanvill,rglanvillj3@dropbox.com
689,Gar,Renneke,grennekej4@arizona.edu
690,Poul,Saipy,psaipyj5@sogou.com
691,Aretha,Ferrand,aferrandj6@patch.com
692,Nani,Eskrigge,neskriggej7@amazon.com
693,Sibyl,Muff,smuffj8@examiner.com
694,Minor,Groom,mgroomj9@oaic.gov.au
695,Elle,Gowman,egowmanja@furl.net
696,Redd,Gresham,rgreshamjb@nih.gov
697,Ingar,Dundendale,idundendalejc@ca.gov
698,Tera,Samsonsen,tsamsonsenjd@apache.org
699,Dev,Phidgin,dphidginje@toplist.cz
700,Irwin,Rollings,irollingsjf@webeden.co.uk
701,Carole,Fawcus,cfawcusjg@businessweek.com
702,Melonie,McKibbin,mmckibbinjh@webmd.com
703,Ervin,Barker,ebarkerji@e-recht24.de
704,Joellyn,McIlhatton,jmcilhattonjj@a8.net
705,Ignazio,Franzelini,ifranzelinijk@eepurl.com
706,Ki,Paolino,kpaolinojl@purevolume.com
707,Ruperto,Stoodale,rstoodalejm@godaddy.com
708,Cleavland,Cordeau],ccordeaujn@ebay.co.uk
709,Ebeneser,Shernock,eshernockjo@bravesites.com
710,Rubetta,Tuke,rtukejp@google.com.br
711,Raye,Sloper,rsloperjq@hao123.com
712,Cissiee,Rupke,crupkejr@purevolume.com
713,Corri,Sweynson,csweynsonjs@creativecommons.org
714,Annabal,Neate,aneatejt@ow.ly
715,Standford,Prynne,sprynneju@biglobe.ne.jp
716,Trisha,Kightly,tkightlyjv@msu.edu
717,Ara,Caughan,acaughanjw@tinypic.com
718,Bar,Guiu,bguiujx@cloudflare.com
719,Tiphani,Houten,thoutenjy@theatlantic.com
720,Ignacius,Perse,ipersejz@tuttocitta.it
721,Hi,McKibbin,hmckibbink0@cnbc.com
722,Nedda,Birchenhead,nbirchenheadk1@yellowpages.com
723,Norah,Ruberti,nrubertik2@slashdot.org
724,Augusta,Ebanks,aebanksk3@chron.com
725,Renault,Rossant,rrossantk4@technorati.com
726,Ulla,Pontain,upontaink5@wunderground.com
727,Jeffrey,Geyton,jgeytonk6@surveymonkey.com
728,Erna,Klemps,eklempsk7@gizmodo.com
729,Cris,Massenhove,cmassenhovek8@ow.ly
730,Nickolas,MacWhirter,nmacwhirterk9@4shared.com
731,Andres,Bezants,abezantska@sina.com.cn
732,Norrie,Torbeck,ntorbeckkb@ehow.com
733,Edie,Muscroft,emuscroftkc@mit.edu
734,Ben,Noller,bnollerkd@cdbaby.com
735,Laurie,Debnam,ldebnamke@xinhuanet.com
736,Rikki,Smithers,rsmitherskf@desdev.cn
737,Eada,Grunbaum,egrunbaumkg@indiatimes.com
738,Zoe,Rassell,zrassellkh@cbslocal.com
739,Elita,Wallsworth,ewallsworthki@fda.gov
740,Chuck,Wickersley,cwickersleykj@squarespace.com
741,Chiquia,Constantine,cconstantinekk@nsw.gov.au
742,Simone,Hearnden,shearndenkl@jugem.jp
743,Brittne,Overal,boveralkm@auda.org.au
744,Whitney,Bracey,wbraceykn@cbc.ca
745,Britt,McNeil,bmcneilko@ustream.tv
746,Sonni,Whitehead,swhiteheadkp@deviantart.com
747,Vincenty,Newton,vnewtonkq@blogspot.com
748,Clari,Conibeer,cconibeerkr@instagram.com
749,Don,Oman,domanks@histats.com
750,Ibrahim,Kristufek,ikristufekkt@shinystat.com
751,Tillie,Okenfold,tokenfoldku@dell.com
752,Mag,Horsburgh,mhorsburghkv@opera.com
753,Karlee,Brolan,kbrolankw@twitter.com
754,Edward,Gallegos,egallegoskx@yale.edu
755,Dorey,Rheam,drheamky@mlb.com
756,Leonidas,Dautry,ldautrykz@ovh.net
757,Sollie,Kivelhan,skivelhanl0@omniture.com
758,Lou,Cusworth,lcusworthl1@sfgate.com
759,Hyacinthia,Targe,htargel2@illinois.edu
760,Lucretia,Dawidowitsch,ldawidowitschl3@elpais.com
761,Bernardine,Libbey,blibbeyl4@amazon.co.uk
762,Quintus,Ferrea,qferreal5@amazonaws.com
763,Riane,Burridge,rburridgel6@telegraph.co.uk
764,Xever,McCollum,xmccolluml7@vkontakte.ru
765,Everett,Marwick,emarwickl8@blinklist.com
766,Dannie,Brolechan,dbrolechanl9@blogtalkradio.com
767,Paulette,Jurasek,pjurasekla@apple.com
768,Granthem,Vassano,gvassanolb@latimes.com
769,Janna,Downer,jdownerlc@redcross.org
770,Vivia,Spinke,vspinkeld@slate.com
771,Jannelle,Yakebovich,jyakebovichle@example.com
772,Genevra,Lasty,glastylf@blogtalkradio.com
773,Cody,Nanetti,cnanettilg@purevolume.com
774,Aili,Niblo,aniblolh@wikia.com
775,Markos,Bartos,mbartosli@artisteer.com
776,Natty,Ferreira,nferreiralj@drupal.org
777,Dominica,Tallow,dtallowlk@ucsd.edu
778,Henryetta,Vasilmanov,hvasilmanovll@mail.ru
779,Lettie,Lermit,llermitlm@ft.com
780,Florence,McGreal,fmcgrealln@fc2.com
781,Gretel,Barrs,gbarrslo@devhub.com
782,Bernete,Guillerman,bguillermanlp@meetup.com
783,Cherrita,Look,clooklq@gizmodo.com
784,Clerkclaude,Bodega,cbodegalr@altervista.org
785,Sol,Kenshole,skensholels@sun.com
786,Griffith,Mancktelow,gmancktelowlt@clickbank.net
787,Audy,Alvar,aalvarlu@home.pl
788,Slade,Whitmarsh,swhitmarshlv@tuttocitta.it
789,Germaine,Coslett,gcoslettlw@wiley.com
790,Annmarie,Fenimore,afenimorelx@simplemachines.org
791,Ivory,Dinsell,idinsellly@examiner.com
792,Elliott,Aberchirder,eaberchirderlz@ox.ac.uk
793,Ingeberg,Osban,iosbanm0@utexas.edu
794,Vin,Gothard,vgothardm1@aboutads.info
795,Devlen,McReedy,dmcreedym2@usa.gov
796,Marius,Dancy,mdancym3@wufoo.com
797,Reade,Tasseler,rtasselerm4@google.fr
798,Roseline,Knapman,rknapmanm5@chicagotribune.com
799,Martguerita,Kaubisch,mkaubischm6@sfgate.com
800,Doris,Raoul,draoulm7@imdb.com
801,Terza,MacTavish,tmactavishm8@ox.ac.uk
802,Saloma,Putland,sputlandm9@oaic.gov.au
803,Ulrick,Olenchikov,uolenchikovma@time.com
804,Philipa,Muck,pmuckmb@pen.io
805,Piotr,Avrahamian,pavrahamianmc@freewebs.com
806,Hunfredo,Ashbe,hashbemd@bravesites.com
807,Jordain,Linklet,jlinkletme@stumbleupon.com
808,Winn,Janeczek,wjaneczekmf@mozilla.com
809,Yulma,Dohms,ydohmsmg@tinyurl.com
810,Larisa,Jenson,ljensonmh@indiatimes.com
811,Heindrick,Finnie,hfinniemi@oracle.com
812,Petr,Lummis,plummismj@blinklist.com
813,Alvy,Tuttiett,atuttiettmk@w3.org
814,Maribelle,Leverington,mleveringtonml@so-net.ne.jp
815,Wrennie,Chesworth,wchesworthmm@latimes.com
816,Magdaia,Erett,merettmn@yandex.ru
817,Staford,Bilham,sbilhammo@squarespace.com
818,Vonni,Gianuzzi,vgianuzzimp@topsy.com
819,Dorena,Webber,dwebbermq@multiply.com
820,Paulie,Boylund,pboylundmr@purevolume.com
821,Huntlee,Richarson,hricharsonms@blogs.com
822,Robbyn,Dowtry,rdowtrymt@statcounter.com
823,Netta,Langlois,nlangloismu@google.com.br
824,Langston,Ruppert,lruppertmv@cbc.ca
825,Heather,Heather,hheathermw@lycos.com
826,Clair,Lamburn,clamburnmx@1und1.de
827,Rickard,Hamshaw,rhamshawmy@rambler.ru
828,Katlin,Busk,kbuskmz@posterous.com
829,Emery,Everil,eeveriln0@google.ru
830,Dieter,Wayland,dwaylandn1@vistaprint.com
831,Roxy,Faithfull,rfaithfulln2@lycos.com
832,Rafaela,Sarre,rsarren3@constantcontact.com
833,Marci,Reavey,mreaveyn4@sitemeter.com
834,Breanne,Pirelli,bpirellin5@github.com
835,Cooper,Rose,crosen6@istockphoto.com
836,Cornell,Steinor,csteinorn7@pcworld.com
837,Cherida,Yuryatin,cyuryatinn8@hao123.com
838,Justina,Donaho,jdonahon9@hatena.ne.jp
839,Massimiliano,McReynolds,mmcreynoldsna@dagondesign.com
840,Vonni,Frankland,vfranklandnb@soundcloud.com
841,Bethena,Edelheit,bedelheitnc@theglobeandmail.com
842,Kath,Lowings,klowingsnd@home.pl
843,Cointon,Fores,cforesne@bloglovin.com
844,Hunter,Toffel,htoffelnf@dailymail.co.uk
845,Perkin,De Bernardis,pdebernardisng@un.org
846,Hewe,Oxshott,hoxshottnh@rediff.com
847,Quincy,Reymers,qreymersni@mozilla.com
848,Chantal,Dietz,cdietznj@wired.com
849,Eugenius,Puxley,epuxleynk@addtoany.com
850,Ollie,Darbishire,odarbishirenl@hao123.com
851,Samara,Stockton,sstocktonnm@wikimedia.org
852,Wilow,Alben,walbennn@harvard.edu
853,Dalis,Howcroft,dhowcroftno@woothemes.com
854,Mohammed,Borg-Bartolo,mborgbartolonp@upenn.edu
855,Allis,Peatheyjohns,apeatheyjohnsnq@irs.gov
856,Jacky,Verson,jversonnr@indiegogo.com
857,Fredra,Streather,fstreatherns@globo.com
858,Fredek,Goggins,fgogginsnt@istockphoto.com
859,Euphemia,Weston,ewestonnu@washington.edu
860,Nollie,Breissan,nbreissannv@rambler.ru
861,Jaime,Boyes,jboyesnw@macromedia.com
862,Arnold,Sapson,asapsonnx@bluehost.com
863,Shirleen,Francie,sfrancieny@issuu.com
864,Haywood,Hembery,hhemberynz@weather.com
865,Mireielle,Spendley,mspendleyo0@weebly.com
866,Steffane,Hanna,shannao1@ning.com
867,Devonna,Woolford,dwoolfordo2@addthis.com
868,Gregoor,Gypson,ggypsono3@who.int
869,Lucho,Rysom,lrysomo4@unblog.fr
870,Aloysius,Jellybrand,ajellybrando5@washington.edu
871,Katee,Gayle,kgayleo6@flickr.com
872,Fannie,Craze,fcrazeo7@arstechnica.com
873,Megan,Rennard,mrennardo8@themeforest.net
874,Martha,Dearell,mdearello9@netlog.com
875,Evyn,Piegrome,epiegromeoa@blogtalkradio.com
876,Gus,Pohls,gpohlsob@mapy.cz
877,Ned,Vose,nvoseoc@theguardian.com
878,Georgeta,Broadbury,gbroadburyod@eventbrite.com
879,Tressa,Snoxill,tsnoxilloe@mapquest.com
880,Nola,Lotwich,nlotwichof@spotify.com
881,Gabe,Hugonet,ghugonetog@skyrock.com
882,Joell,Chattell,jchattelloh@bigcartel.com
883,Chelsey,Jinks,cjinksoi@ifeng.com
884,Cristen,Illesley,cillesleyoj@fastcompany.com
885,Felicity,Possel,fposselok@shop-pro.jp
886,Sapphira,Brunroth,sbrunrothol@nifty.com
887,Klaus,Farthin,kfarthinom@theglobeandmail.com
888,Bili,Prendeguest,bprendegueston@github.com
889,Camella,Ghilks,cghilksoo@tamu.edu
890,Donall,Cotherill,dcotherillop@netvibes.com
891,Martie,Rhymer,mrhymeroq@usa.gov
892,Rodrigo,Chave,rchaveor@yale.edu
893,Shir,O' Bee,sobeeos@ucoz.com
894,Aubine,Ogilvie,aogilvieot@army.mil
895,Sauncho,Dillicate,sdillicateou@seattletimes.com
896,Claudia,Benoix,cbenoixov@pen.io
897,Hermione,Slessor,hslessorow@go.com
898,Hymie,Chesterton,hchestertonox@whitehouse.gov
899,Brandie,Graffin,bgraffinoy@example.com
900,Alanah,Jeacop,ajeacopoz@yandex.ru
901,Ara,Sobieski,asobieskip0@technorati.com
902,Gerta,Karpov,gkarpovp1@usda.gov
903,Lief,Gammet,lgammetp2@dion.ne.jp
904,Dicky,Parks,dparksp3@si.edu
905,Fonsie,Eickhoff,feickhoffp4@samsung.com
906,Lonnie,Cartwright,lcartwrightp5@elpais.com
907,Kimbra,Foulstone,kfoulstonep6@tiny.cc
908,Sibley,McConville,smcconvillep7@discuz.net
909,Rhodia,Semrad,rsemradp8@dropbox.com
910,Enoch,Acomb,eacombp9@imageshack.us
911,Myrtie,Filov,mfilovpa@usgs.gov
912,Swen,Bebbington,sbebbingtonpb@1688.com
913,Leonardo,Riccard,lriccardpc@woothemes.com
914,Farlee,Clawson,fclawsonpd@shinystat.com
915,Gearalt,McCromley,gmccromleype@usatoday.com
916,Feodora,Fludder,ffludderpf@cdc.gov
917,Alli,Reddoch,areddochpg@cisco.com
918,Katharine,Youdell,kyoudellph@uiuc.edu
919,Eleanor,Northill,enorthillpi@de.vu
920,Sioux,Duncanson,sduncansonpj@taobao.com
921,Alford,Mynard,amynardpk@odnoklassniki.ru
922,Alisa,Cordes,acordespl@globo.com
923,Courtney,Raffon,craffonpm@usgs.gov
924,Cosme,MacKeller,cmackellerpn@studiopress.com
925,Remy,Mustard,rmustardpo@wp.com
926,Wye,Brasted,wbrastedpp@weibo.com
927,Rolando,Twiggins,rtwigginspq@fotki.com
928,Vera,Skough,vskoughpr@rakuten.co.jp
929,Alexandro,Rillstone,arillstoneps@bbc.co.uk
930,Sharleen,Stuchburie,sstuchburiept@npr.org
931,Krissy,Yeldham,kyeldhampu@dailymotion.com
932,Clyve,Reidie,creidiepv@zimbio.com
933,Hesther,Riggulsford,hriggulsfordpw@msn.com
934,Julianna,Adair,jadairpx@unesco.org
935,Gennie,Teresi,gteresipy@google.com.hk
936,Zebulen,Cavey,zcaveypz@wikimedia.org
937,Aldin,Jakel,ajakelq0@mac.com
938,Delmore,McKeighan,dmckeighanq1@ed.gov
939,Avril,McConaghy,amcconaghyq2@google.com
940,Erek,Butteris,ebutterisq3@macromedia.com
941,Linn,Siward,lsiwardq4@is.gd
942,Raine,Dubois,rduboisq5@a8.net
943,Lewiss,Reardon,lreardonq6@state.gov
944,Thomasa,Shawcroft,tshawcroftq7@list-manage.com
945,Desiree,Forre,dforreq8@blogtalkradio.com
946,Lew,Denis,ldenisq9@t-online.de
947,Lucien,Ducker,lduckerqa@hostgator.com
948,Harald,Bedenham,hbedenhamqb@phpbb.com
949,Tawsha,Kingaby,tkingabyqc@rediff.com
950,Mayer,Thridgould,mthridgouldqd@redcross.org
951,Welsh,Ilyukhov,wilyukhovqe@go.com
952,Ivonne,Minico,iminicoqf@dagondesign.com
953,Humphrey,Darbyshire,hdarbyshireqg@usatoday.com
954,Jerrilee,Rockhill,jrockhillqh@blogger.com
955,Bennett,Whittock,bwhittockqi@creativecommons.org
956,Constancy,Correa,ccorreaqj@census.gov
957,Hettie,Imlock,himlockqk@soundcloud.com
958,Augustus,O' Shea,aosheaql@utexas.edu
959,Catha,Hold,choldqm@statcounter.com
960,Timofei,Mabbs,tmabbsqn@yandex.ru
961,Gail,Chree,gchreeqo@archive.org
962,Keefer,Dannehl,kdannehlqp@blogspot.com
963,Pippo,Kobes,pkobesqq@bing.com
964,Lynnelle,Theseira,ltheseiraqr@wiley.com
965,Verena,Kigelman,vkigelmanqs@last.fm
966,Lon,Porrett,lporrettqt@marriott.com
967,Silvana,Heald,shealdqu@fc2.com
968,Finley,Coetzee,fcoetzeeqv@pcworld.com
969,Dani,McClure,dmcclureqw@cam.ac.uk
970,Catlin,McComas,cmccomasqx@craigslist.org
971,Alix,Edgcombe,aedgcombeqy@360.cn
972,Dulci,Lynes,dlynesqz@odnoklassniki.ru
973,Cirilo,Boobyer,cboobyerr0@trellian.com
974,Ninnetta,Klementz,nklementzr1@wikispaces.com
975,Daron,Barrack,dbarrackr2@unesco.org
976,Abby,Meake,ameaker3@guardian.co.uk
977,Saunders,Moreno,smorenor4@linkedin.com
978,Ramonda,Lotwich,rlotwichr5@mlb.com
979,Lilah,Daubney,ldaubneyr6@artisteer.com
980,Catie,Danihel,cdanihelr7@seattletimes.com
981,Isidora,Cowdery,icowderyr8@clickbank.net
982,Hermon,Punyer,hpunyerr9@unblog.fr
983,Annelise,Watling,awatlingra@gov.uk
984,Gena,Bartkiewicz,gbartkiewiczrb@t-online.de
985,Kacey,Dron,kdronrc@mit.edu
986,Livia,Davydenko,ldavydenkord@ucoz.com
987,Meier,Coppeard,mcoppeardre@vimeo.com
988,Jasper,Blowen,jblowenrf@a8.net
989,Liva,Birney,lbirneyrg@godaddy.com
990,Millard,Lassen,mlassenrh@google.fr
991,Cacilia,Etridge,cetridgeri@topsy.com
992,Blythe,Fromont,bfromontrj@si.edu
993,Celle,Stittle,cstittlerk@clickbank.net
994,Mignonne,Blackett,mblackettrl@yolasite.com
995,Diane,Lugsdin,dlugsdinrm@plala.or.jp
996,Dasya,Macconaghy,dmacconaghyrn@stanford.edu
997,Addison,Videneev,avideneevro@ycombinator.com
998,Marci,Reinisch,mreinischrp@seesaa.net
999,Cymbre,Dearan,cdearanrq@reuters.com
1000,Bartlett,Dundon,bdundonrr@deliciousdays.com
