id,first_name,last_name,email,gender
1,Wendy,Malin,wmalin0@tumblr.com,Female
2,Gothart,Shingler,gshingler1@cdc.gov,Male
3,Anthony,Brunskill,abrunskill2@ucla.edu,Male
4,Bat,Kyttor,bkyttor3@springer.com,Male
5,Garnette,Creaney,gcreaney4@samsung.com,Genderfluid
6,Cassi,Dendle,cdendle5@google.nl,Female
7,Albert,Esberger,aesberger6@msu.edu,Genderqueer
8,Hogan,Murney,hmurney7@vistaprint.com,Male
9,Jilleen,Braley,jbraley8@wired.com,Female
10,Jeromy,Paulot,jpaulot9@yale.edu,Male
11,Cristy,Carn,ccarna@ft.com,Genderfluid
12,Alexis,Handrock,ahandrockb@typepad.com,Male
13,Marc,Stacy,mstacyc@unicef.org,Male
14,Tymon,Andreazzi,tandreazzid@businesswire.com,Bigender
15,Joellen,Hucquart,jhucquarte@purevolume.com,Female
16,Bowie,Ewence,bewencef@usda.gov,Male
17,Doro,Sprowell,dsprowellg@discuz.net,Female
18,Renado,Acey,raceyh@barnesandnoble.com,Male
19,Kalindi,Wornum,kwornumi@blinklist.com,Female
20,Deni,Coldrick,dcoldrickj@t.co,Female
21,Jephthah,Passion,jpassionk@wufoo.com,Male
22,Hersch,Connerry,hconnerryl@eepurl.com,Male
23,Dasi,Hellcat,dhellcatm@unicef.org,Female
24,Pegeen,Lowndsborough,plowndsboroughn@sohu.com,Agender
25,Dewey,Longega,dlongegao@seattletimes.com,Male
26,Moise,Duignan,mduignanp@plala.or.jp,Male
27,Tymon,Minter,tminterq@cam.ac.uk,Male
28,Emelda,Lukasik,elukasikr@comsenz.com,Female
29,Cinderella,Woollons,cwoollonss@china.com.cn,Female
30,Chaddy,Sabates,csabatest@friendfeed.com,Male
31,Serena,Dehm,sdehmu@t-online.de,Female
32,Ettore,Bastone,ebastonev@cbsnews.com,Male
33,Bing,Rosario,brosariow@unc.edu,Male
34,Eimile,Wisher,ewisherx@utexas.edu,Female
35,Bevin,Tenney,btenneyy@ow.ly,Male
36,Gwendolyn,Congdon,gcongdonz@zimbio.com,Female
37,Eran,Bartosiak,ebartosiak10@hp.com,Genderqueer
38,Claire,Bennington,cbennington11@dot.gov,Male
39,Montague,Stannering,mstannering12@uiuc.edu,Male
40,Kordula,Pavelin,kpavelin13@networksolutions.com,Female
41,Guillaume,Truesdale,gtruesdale14@google.fr,Male
42,Clary,Gowers,cgowers15@wordpress.com,Female
43,Nye,Yellowlee,nyellowlee16@hugedomains.com,Male
44,Adriaens,Schult,aschult17@va.gov,Female
45,Gerome,Kimbling,gkimbling18@mozilla.com,Male
46,Bax,Senn,bsenn19@tripadvisor.com,Male
47,Basile,Borlease,bborlease1a@tripod.com,Male
48,Maurie,Le Cornu,mlecornu1b@istockphoto.com,Male
49,Ignacio,Chad,ichad1c@livejournal.com,Male
50,Matty,Goning,mgoning1d@homestead.com,Male
51,Oates,Stoffels,ostoffels1e@msu.edu,Male
52,Brunhilda,Penkman,bpenkman1f@toplist.cz,Female
53,Jewelle,Reardon,jreardon1g@weebly.com,Female
54,Betsey,Kynan,bkynan1h@xing.com,Female
55,Carey,Brame,cbrame1i@weibo.com,Male
56,Reeba,Lanchbury,rlanchbury1j@example.com,Female
57,Tami,Craine,tcraine1k@dagondesign.com,Female
58,Francklin,Aubrun,faubrun1l@hubpages.com,Male
59,Hetti,Shillam,hshillam1m@arizona.edu,Female
60,Julianna,Markey,jmarkey1n@disqus.com,Genderqueer
61,Berrie,Tripcony,btripcony1o@tripadvisor.com,Female
62,Alla,Edgcumbe,aedgcumbe1p@mozilla.org,Female
63,Remus,Mackrell,rmackrell1q@vk.com,Genderqueer
64,Skippie,Philipeaux,sphilipeaux1r@pen.io,Male
65,Kellen,Kener,kkener1s@examiner.com,Female
66,Scottie,Tantum,stantum1t@google.ru,Bigender
67,Mercie,Baggarley,mbaggarley1u@tamu.edu,Genderqueer
68,Baird,Perfect,bperfect1v@telegraph.co.uk,Male
69,Findley,Kubacki,fkubacki1w@china.com.cn,Male
70,Julienne,Ramalhete,jramalhete1x@sina.com.cn,Female
71,Alvie,Gowthorpe,agowthorpe1y@businesswire.com,Male
72,Lucita,Devenish,ldevenish1z@thetimes.co.uk,Female
73,Chane,Stutely,cstutely20@mail.ru,Male
74,Mariam,Parres,mparres21@youtube.com,Female
75,Saidee,Meriel,smeriel22@mayoclinic.com,Female
76,Merill,Shimuk,mshimuk23@jalbum.net,Male
77,Nikolia,Carass,ncarass24@lycos.com,Female
78,Evangelia,Carletto,ecarletto25@apache.org,Female
79,Storm,Woolacott,swoolacott26@wordpress.com,Female
80,Domini,Lifsey,dlifsey27@fema.gov,Female
81,Avery,Bentjens,abentjens28@indiegogo.com,Genderqueer
82,Parnell,Antrobus,pantrobus29@hud.gov,Male
83,Gayler,Moodycliffe,gmoodycliffe2a@mozilla.org,Male
84,Justina,Crosswaite,jcrosswaite2b@netlog.com,Female
85,Gay,Puttan,gputtan2c@wikispaces.com,Female
86,Ahmed,Loftin,aloftin2d@usa.gov,Male
87,Milt,Tringham,mtringham2e@trellian.com,Male
88,Bibby,Awde,bawde2f@woothemes.com,Female
89,Candide,Testro,ctestro2g@marriott.com,Female
90,Allsun,Forsbey,aforsbey2h@macromedia.com,Female
91,Kaleb,Snashall,ksnashall2i@nydailynews.com,Male
92,Roanne,Pellamont,rpellamont2j@eventbrite.com,Female
93,Hortense,Hennington,hhennington2k@cloudflare.com,Female
94,Catlin,Franklen,cfranklen2l@cornell.edu,Female
95,Alexandro,Creak,acreak2m@wisc.edu,Male
96,Joshia,Rookes,jrookes2n@twitpic.com,Male
97,Konrad,Mobius,kmobius2o@weibo.com,Male
98,Loralie,Kingsman,lkingsman2p@ning.com,Female
99,Donall,Arguile,darguile2q@wix.com,Male
100,Nanete,Whittington,nwhittington2r@army.mil,Female
101,Barrie,Raveau,braveau2s@wp.com,Female
102,Celestyna,Goburn,cgoburn2t@microsoft.com,Female
103,Calla,Acres,cacres2u@mtv.com,Female
104,Aldon,Enochsson,aenochsson2v@ebay.com,Male
105,Amalia,Pakes,apakes2w@a8.net,Female
106,Karly,Hazelgreave,khazelgreave2x@163.com,Female
107,Jim,D'eye,jdeye2y@fda.gov,Male
108,Lora,Penritt,lpenritt2z@hostgator.com,Female
109,Trace,Bridgewater,tbridgewater30@ezinearticles.com,Male
110,Malinda,Kernaghan,mkernaghan31@bloglovin.com,Female
111,Adi,Maccraw,amaccraw32@fastcompany.com,Female
112,Berk,Baylis,bbaylis33@artisteer.com,Male
113,Templeton,Jikovsky,tjikovsky34@mit.edu,Male
114,Lavena,Basey,lbasey35@instagram.com,Female
115,Adel,McGeady,amcgeady36@furl.net,Female
116,Marmaduke,Lawler,mlawler37@joomla.org,Male
117,Thaxter,Turfs,tturfs38@themeforest.net,Male
118,Thomasin,Sifflett,tsifflett39@ebay.com,Female
119,Danila,Chese,dchese3a@dot.gov,Female
120,Evanne,Stuther,estuther3b@bloomberg.com,Female
121,Jason,Scullion,jscullion3c@howstuffworks.com,Male
122,Bengt,Leap,bleap3d@ask.com,Male
123,Salvador,Roslen,sroslen3e@unicef.org,Male
124,Jaye,Choules,jchoules3f@bizjournals.com,Male
125,Suzette,Medway,smedway3g@bbc.co.uk,Female
126,Uriah,Cluett,ucluett3h@scientificamerican.com,Non-binary
127,Armin,Lammert,alammert3i@unc.edu,Male
128,Ingaberg,Jehaes,ijehaes3j@wikispaces.com,Female
129,Jenifer,Ottley,jottley3k@feedburner.com,Female
130,Arabella,Meriot,ameriot3l@blogspot.com,Female
131,Jacobo,Rickerby,jrickerby3m@state.gov,Male
132,Saunder,Blamire,sblamire3n@cbslocal.com,Male
133,Julieta,Kennion,jkennion3o@disqus.com,Female
134,Ivy,Bulbeck,ibulbeck3p@tinyurl.com,Female
135,Kaitlin,Soulsby,ksoulsby3q@nyu.edu,Female
136,Cosmo,Corris,ccorris3r@istockphoto.com,Male
137,Esdras,Djokic,edjokic3s@tamu.edu,Male
138,Byrle,Kochl,bkochl3t@nhs.uk,Male
139,Saw,Josselson,sjosselson3u@goo.ne.jp,Male
140,Bernard,Lerven,blerven3v@examiner.com,Male
141,Rinaldo,Cheales,rcheales3w@imdb.com,Male
142,Aila,Brayford,abrayford3x@oracle.com,Female
143,Claus,Lindwasser,clindwasser3y@constantcontact.com,Male
144,Erhart,Coorington,ecoorington3z@blogs.com,Male
145,Parker,Tuxwell,ptuxwell40@blinklist.com,Non-binary
146,Kristina,Sloey,ksloey41@yolasite.com,Female
147,Concordia,Renouf,crenouf42@umn.edu,Female
148,Berry,Cockshot,bcockshot43@nhs.uk,Female
149,Jennifer,McShea,jmcshea44@gmpg.org,Female
150,Juliana,Brickstock,jbrickstock45@umn.edu,Female
151,Joannes,Cantos,jcantos46@apache.org,Female
152,Beck,Ruckert,bruckert47@yelp.com,Male
153,Gray,Drane,gdrane48@constantcontact.com,Female
154,Margo,Rosenkrantz,mrosenkrantz49@seattletimes.com,Female
155,Derry,Hotchkin,dhotchkin4a@theguardian.com,Male
156,Vivien,Alberti,valberti4b@godaddy.com,Female
157,Karoline,Broscombe,kbroscombe4c@posterous.com,Female
158,Asa,Larchier,alarchier4d@jugem.jp,Male
159,Weider,Nyssens,wnyssens4e@php.net,Male
160,Gerry,Langfitt,glangfitt4f@smh.com.au,Non-binary
161,Dominik,Orpwood,dorpwood4g@nhs.uk,Male
162,Jae,Spada,jspada4h@unblog.fr,Male
163,Eamon,Crocker,ecrocker4i@nyu.edu,Male
164,Julianne,O'Grada,jograda4j@barnesandnoble.com,Female
165,Neale,Tuffs,ntuffs4k@g.co,Male
166,Thorndike,Capelle,tcapelle4l@cbslocal.com,Male
167,Cleo,Staves,cstaves4m@tmall.com,Female
168,Tobye,Pawlaczyk,tpawlaczyk4n@cam.ac.uk,Female
169,Huntlee,Connock,hconnock4o@livejournal.com,Male
170,Leonore,McGloughlin,lmcgloughlin4p@de.vu,Female
171,Cari,Cooksley,ccooksley4q@who.int,Female
172,Christoph,Hanster,chanster4r@ca.gov,Male
173,Jeromy,Pilcher,jpilcher4s@usnews.com,Male
174,Tani,Artingstall,tartingstall4t@howstuffworks.com,Female
175,Casandra,Miko,cmiko4u@chron.com,Female
176,Jerrome,Guppy,jguppy4v@cocolog-nifty.com,Male
177,Dael,Shedden,dshedden4w@oaic.gov.au,Male
178,Liana,Creane,lcreane4x@xrea.com,Female
179,Valle,Monson,vmonson4y@stanford.edu,Male
180,Tilda,McGauhy,tmcgauhy4z@phoca.cz,Female
181,Kelcie,Saenz,ksaenz50@godaddy.com,Female
182,Trueman,Twitchett,ttwitchett51@trellian.com,Male
183,Hildy,Portwain,hportwain52@hc360.com,Female
184,Alane,Cheel,acheel53@slate.com,Female
185,Willette,Tume,wtume54@webmd.com,Female
186,Kathlin,Spong,kspong55@ovh.net,Female
187,Helge,Yegorchenkov,hyegorchenkov56@shinystat.com,Female
188,Sher,Hearst,shearst57@latimes.com,Genderqueer
189,Jordana,Lunt,jlunt58@discovery.com,Female
190,Gran,Hodcroft,ghodcroft59@timesonline.co.uk,Male
191,Valera,Hallard,vhallard5a@smugmug.com,Female
192,Jermain,Pixton,jpixton5b@imdb.com,Male
193,Davide,Hardwicke,dhardwicke5c@exblog.jp,Male
194,Payton,Danaher,pdanaher5d@state.gov,Male
195,Gerrilee,Scedall,gscedall5e@jalbum.net,Female
196,Sloan,Lintall,slintall5f@slideshare.net,Male
197,Yul,Semken,ysemken5g@flickr.com,Male
198,Boycie,Craddy,bcraddy5h@quantcast.com,Male
199,Arther,Glisane,aglisane5i@wikipedia.org,Male
200,Quintus,Jiroutka,qjiroutka5j@wp.com,Male
201,Raddie,Ritchard,rritchard5k@tuttocitta.it,Male
202,Parsifal,Barthrop,pbarthrop5l@networksolutions.com,Male
203,Parsifal,Dunkinson,pdunkinson5m@opera.com,Male
204,Morris,Joinsey,mjoinsey5n@sciencedaily.com,Male
205,Margo,D'Aubney,mdaubney5o@columbia.edu,Female
206,Dorris,Ducker,dducker5p@ebay.co.uk,Female
207,Ashil,Greeding,agreeding5q@altervista.org,Female
208,Quill,Worsam,qworsam5r@mayoclinic.com,Male
209,Chadd,Houseago,chouseago5s@cdc.gov,Male
210,Kelly,Stoves,kstoves5t@yellowpages.com,Genderqueer
211,Libbi,Boam,lboam5u@ed.gov,Female
212,Allin,Haddow,ahaddow5v@gravatar.com,Male
213,Stephannie,Saffin,ssaffin5w@arstechnica.com,Female
214,Sarah,Zupone,szupone5x@creativecommons.org,Female
215,Thaine,Chalke,tchalke5y@hugedomains.com,Male
216,Iain,Grieves,igrieves5z@ehow.com,Male
217,Daron,Salmon,dsalmon60@quantcast.com,Male
218,Sutherland,Tittershill,stittershill61@discovery.com,Male
219,Conrado,Deval,cdeval62@fotki.com,Male
220,Alexis,Surridge,asurridge63@bloglines.com,Male
221,Ogdan,Guymer,oguymer64@dot.gov,Male
222,Nettle,Worters,nworters65@toplist.cz,Agender
223,Germayne,Pithie,gpithie66@disqus.com,Male
224,Mattheus,Duker,mduker67@usgs.gov,Male
225,Darbee,Le Noury,dlenoury68@bravesites.com,Male
226,Glori,Clee,gclee69@reference.com,Female
227,Yetty,Friday,yfriday6a@wufoo.com,Female
228,Krissie,Pasque,kpasque6b@printfriendly.com,Female
229,Legra,Mc Faul,lmcfaul6c@telegraph.co.uk,Female
230,Tyrone,Blaske,tblaske6d@wsj.com,Male
231,Fin,Kuhle,fkuhle6e@columbia.edu,Male
232,Toiboid,Frow,tfrow6f@mozilla.org,Male
233,Melvyn,Cardozo,mcardozo6g@dailymotion.com,Male
234,Monah,Elnor,melnor6h@state.tx.us,Female
235,Jarred,MacDearmont,jmacdearmont6i@rediff.com,Male
236,Adan,Piggens,apiggens6j@zdnet.com,Male
237,Herminia,Rhymes,hrhymes6k@usatoday.com,Agender
238,Kimmie,Lidgley,klidgley6l@chron.com,Female
239,Alyse,Borrott,aborrott6m@time.com,Female
240,Jimmy,Fragino,jfragino6n@msn.com,Male
241,Darb,Lomax,dlomax6o@nationalgeographic.com,Male
242,Dane,Mcasparan,dmcasparan6p@amazon.de,Male
243,Linet,Fossord,lfossord6q@gmpg.org,Genderqueer
244,Trish,Bonafacino,tbonafacino6r@ameblo.jp,Female
245,Darya,Burlingame,dburlingame6s@sitemeter.com,Female
246,Wang,Friatt,wfriatt6t@kickstarter.com,Male
247,Wendie,Garbert,wgarbert6u@jiathis.com,Female
248,Sonya,Guttridge,sguttridge6v@networksolutions.com,Female
249,Silvia,Geldeard,sgeldeard6w@geocities.jp,Female
250,Timmie,Marchment,tmarchment6x@photobucket.com,Male
251,Chelsae,Meagher,cmeagher6y@dot.gov,Female
252,Renato,Jimmes,rjimmes6z@google.co.uk,Genderfluid
253,Raphael,Barlie,rbarlie70@fastcompany.com,Male
254,Hazel,Shovel,hshovel71@eventbrite.com,Male
255,Katy,Sabin,ksabin72@cam.ac.uk,Female
256,Winna,Pasmore,wpasmore73@businessweek.com,Female
257,Devon,Ellwand,dellwand74@booking.com,Female
258,Carla,Dearle,cdearle75@bravesites.com,Female
259,Emili,McKnockiter,emcknockiter76@trellian.com,Agender
260,Gena,Pickles,gpickles77@nba.com,Female
261,Erasmus,Ehlerding,eehlerding78@eventbrite.com,Male
262,Klemens,Thinn,kthinn79@drupal.org,Male
263,Kalil,Sparshett,ksparshett7a@who.int,Male
264,Douglass,Keeltagh,dkeeltagh7b@bigcartel.com,Male
265,Cathrine,Simons,csimons7c@mozilla.org,Female
266,Jacquelin,Rivard,jrivard7d@huffingtonpost.com,Female
267,Mitchael,Appleton,mappleton7e@feedburner.com,Male
268,Arnaldo,Pursey,apursey7f@virginia.edu,Genderqueer
269,Rocky,Roseby,rroseby7g@accuweather.com,Male
270,Flin,Roughey,froughey7h@reference.com,Male
271,Jolee,Daglish,jdaglish7i@usa.gov,Female
272,Fredelia,Job,fjob7j@statcounter.com,Female
273,Margot,Lillow,mlillow7k@acquirethisname.com,Female
274,Zachery,Rushby,zrushby7l@ehow.com,Male
275,Jayme,Cothey,jcothey7m@addtoany.com,Female
276,Cymbre,Juste,cjuste7n@zimbio.com,Female
277,Yul,Conkie,yconkie7o@salon.com,Male
278,Barbara,Charle,bcharle7p@jugem.jp,Female
279,Monique,Fairfoot,mfairfoot7q@examiner.com,Female
280,Christian,Draycott,cdraycott7r@photobucket.com,Genderqueer
281,Lilas,Leech,lleech7s@go.com,Female
282,Kristien,Ince,kince7t@ameblo.jp,Female
283,Jacky,Morison,jmorison7u@toplist.cz,Male
284,Nananne,Legate,nlegate7v@reference.com,Female
285,Theodora,Nassy,tnassy7w@blogger.com,Female
286,Pooh,Le Brom,plebrom7x@cdc.gov,Male
287,Burke,Kiltie,bkiltie7y@drupal.org,Male
288,Reinald,Tarrant,rtarrant7z@arizona.edu,Male
289,Ulrike,Scorton,uscorton80@pagesperso-orange.fr,Female
290,Aeriell,Gun,agun81@delicious.com,Female
291,Paolo,Runham,prunham82@mtv.com,Male
292,Ingeborg,Todarini,itodarini83@deliciousdays.com,Female
293,Darda,Parkhouse,dparkhouse84@virginia.edu,Female
294,Filmore,Bulfield,fbulfield85@java.com,Male
295,Evy,Gallant,egallant86@google.cn,Bigender
296,Beale,Godthaab,bgodthaab87@hibu.com,Male
297,Kordula,Wintersgill,kwintersgill88@java.com,Female
298,Wyatan,Gopsall,wgopsall89@infoseek.co.jp,Male
299,Blondy,Moatt,bmoatt8a@japanpost.jp,Female
300,Lyndell,Bewshea,lbewshea8b@ucoz.com,Female
301,Ethan,Ekell,eekell8c@amazon.com,Male
302,Esme,Haine,ehaine8d@ehow.com,Female
303,Catherina,Abercrombie,cabercrombie8e@jugem.jp,Female
304,Wally,Pretswell,wpretswell8f@youtu.be,Male
305,Wilfrid,Skittrall,wskittrall8g@wikia.com,Male
306,Court,Bawme,cbawme8h@timesonline.co.uk,Male
307,Justino,Mattussevich,jmattussevich8i@geocities.jp,Male
308,Robinia,Timson,rtimson8j@shareasale.com,Female
309,Edna,Codd,ecodd8k@yandex.ru,Female
310,Reina,Yurasov,ryurasov8l@naver.com,Female
311,Dorris,McVeagh,dmcveagh8m@hibu.com,Female
312,Fidela,Do Rosario,fdorosario8n@google.ru,Female
313,Craggy,Beevor,cbeevor8o@state.tx.us,Male
314,Marya,McClifferty,mmcclifferty8p@cloudflare.com,Female
315,Fidelio,Fehner,ffehner8q@soup.io,Male
316,Noam,Weston,nweston8r@netvibes.com,Male
317,Aggi,Drakes,adrakes8s@ovh.net,Genderqueer
318,Germaine,Dumini,gdumini8t@studiopress.com,Female
319,Malcolm,Akers,makers8u@mozilla.com,Male
320,Haskel,Sallery,hsallery8v@patch.com,Non-binary
321,Gweneth,Bodker,gbodker8w@simplemachines.org,Female
322,Cosmo,Aliman,caliman8x@tinypic.com,Male
323,Irving,Loweth,iloweth8y@studiopress.com,Male
324,Stevie,Cobbald,scobbald8z@mapquest.com,Male
325,Windham,Van Leijs,wvanleijs90@nationalgeographic.com,Male
326,Duke,Armin,darmin91@woothemes.com,Male
327,Julina,Pywell,jpywell92@nature.com,Female
328,Alain,Girvan,agirvan93@redcross.org,Male
329,Regan,Farrey,rfarrey94@salon.com,Male
330,Torey,Melarkey,tmelarkey95@gizmodo.com,Female
331,Ara,Spall,aspall96@list-manage.com,Male
332,Tannie,Joskowitz,tjoskowitz97@un.org,Male
333,Wat,Dugood,wdugood98@unesco.org,Male
334,Pincus,Bullas,pbullas99@mashable.com,Male
335,Wanda,D'Elias,wdelias9a@newyorker.com,Female
336,Vale,Methuen,vmethuen9b@lycos.com,Female
337,Ad,Lincke,alincke9c@businessweek.com,Male
338,Alec,Connelly,aconnelly9d@pcworld.com,Male
339,Sibyl,Weaving,sweaving9e@oracle.com,Male
340,Veradis,Lyne,vlyne9f@goo.gl,Female
341,Melloney,Redwing,mredwing9g@rediff.com,Female
342,Camey,Placido,cplacido9h@boston.com,Male
343,Jared,Herety,jherety9i@ehow.com,Male
344,Leona,Gylle,lgylle9j@360.cn,Female
345,Rene,Sember,rsember9k@zdnet.com,Male
346,Rene,Limbert,rlimbert9l@ning.com,Male
347,Mallory,Kupper,mkupper9m@mac.com,Male
348,Bathsheba,Atwool,batwool9n@google.es,Female
349,Mersey,Dacks,mdacks9o@digg.com,Female
350,Chalmers,Rubin,crubin9p@homestead.com,Genderqueer
351,Deane,Burchett,dburchett9q@yellowbook.com,Male
352,Halie,Domingues,hdomingues9r@netscape.com,Female
353,Kendal,Richin,krichin9s@ftc.gov,Male
354,Jessica,Simmers,jsimmers9t@shop-pro.jp,Female
355,Harmonia,Cowperthwaite,hcowperthwaite9u@google.cn,Female
356,Ester,Kiffe,ekiffe9v@europa.eu,Female
357,Ethelda,Pitney,epitney9w@chicagotribune.com,Female
358,Noach,Andrichuk,nandrichuk9x@virginia.edu,Male
359,Rafaellle,Massimo,rmassimo9y@ocn.ne.jp,Male
360,Sheba,Dorkin,sdorkin9z@homestead.com,Female
361,Parke,Morrell,pmorrella0@deviantart.com,Polygender
362,Teresina,Ziemen,tziemena1@unicef.org,Female
363,Benedetta,Rey,breya2@deviantart.com,Female
364,Irma,Falkus,ifalkusa3@hao123.com,Female
365,Addy,Vasilenko,avasilenkoa4@bloomberg.com,Female
366,Stace,Quartly,squartlya5@rediff.com,Female
367,Whitney,Bethell,wbethella6@merriam-webster.com,Male
368,Martie,Strode,mstrodea7@netvibes.com,Male
369,Allyn,Oswick,aoswicka8@samsung.com,Female
370,Grier,Bearham,gbearhama9@netlog.com,Bigender
371,Lynette,Renard,lrenardaa@topsy.com,Female
372,Lem,MacDermott,lmacdermottab@kickstarter.com,Male
373,Travers,Feldberg,tfeldbergac@xing.com,Male
374,Bowie,Durek,bdurekad@seattletimes.com,Male
375,Isidor,Pimm,ipimmae@live.com,Male
376,Claudian,Safe,csafeaf@ycombinator.com,Male
377,Phyllis,Lofts,ploftsag@imdb.com,Agender
378,Wes,Dewane,wdewaneah@plala.or.jp,Male
379,Yovonnda,Elsay,yelsayai@pinterest.com,Female
380,Mohandas,Dalrymple,mdalrympleaj@i2i.jp,Male
381,Claudian,Le Teve,cleteveak@ovh.net,Male
382,Dalia,Ackland,dacklandal@altervista.org,Female
383,Kit,Rizzardo,krizzardoam@geocities.com,Female
384,Zacharia,Vedikhov,zvedikhovan@nationalgeographic.com,Male
385,Jeffy,Sitch,jsitchao@miibeian.gov.cn,Male
386,Franky,Conaboy,fconaboyap@pinterest.com,Male
387,Arabella,Gergolet,agergoletaq@bravesites.com,Genderfluid
388,Adriano,McGurk,amcgurkar@1und1.de,Male
389,Sharl,Ambroise,sambroiseas@4shared.com,Female
390,Jacinda,Ridgewell,jridgewellat@devhub.com,Female
391,Harwell,St. Leger,hstlegerau@sciencedirect.com,Male
392,Ignaz,Sames,isamesav@unblog.fr,Male
393,Valerye,Kinsell,vkinsellaw@mysql.com,Female
394,Dacy,Walduck,dwalduckax@usnews.com,Female
395,Chevalier,Chidler,cchidleray@creativecommons.org,Male
396,Yuma,Vickress,yvickressaz@mozilla.com,Male
397,Bard,Lewson,blewsonb0@wikipedia.org,Male
398,Leigh,Pruce,lpruceb1@diigo.com,Male
399,Rosina,Sinisbury,rsinisburyb2@oakley.com,Female
400,Evelina,Buscombe,ebuscombeb3@eventbrite.com,Female
401,Harland,Warbys,hwarbysb4@buzzfeed.com,Male
402,Moss,Gratton,mgrattonb5@amazon.co.jp,Male
403,Haskel,Dupey,hdupeyb6@cdbaby.com,Male
404,Marika,Labbe,mlabbeb7@sbwire.com,Female
405,Elsey,Motherwell,emotherwellb8@diigo.com,Female
406,Jorge,Sellors,jsellorsb9@4shared.com,Male
407,Eleni,Dmtrovic,edmtrovicba@cbsnews.com,Female
408,Halli,Gerold,hgeroldbb@cloudflare.com,Female
409,Lemar,Habbeshaw,lhabbeshawbc@photobucket.com,Male
410,Fairleigh,Vedenichev,fvedenichevbd@forbes.com,Male
411,Dunstan,Ponceford,dponcefordbe@cpanel.net,Male
412,Antonetta,Crippill,acrippillbf@artisteer.com,Female
413,Noam,Mauger,nmaugerbg@columbia.edu,Male
414,Christophorus,Banham,cbanhambh@drupal.org,Polygender
415,Dene,Fairlamb,dfairlambbi@slashdot.org,Male
416,Sal,Woodfield,swoodfieldbj@census.gov,Male
417,Clint,Munby,cmunbybk@samsung.com,Male
418,Brooks,Clarkson,bclarksonbl@europa.eu,Agender
419,Immanuel,Wildes,iwildesbm@rambler.ru,Non-binary
420,Dedra,Oldman,doldmanbn@google.fr,Female
421,Syman,Coon,scoonbo@webeden.co.uk,Male
422,Datha,Speeding,dspeedingbp@bluehost.com,Female
423,Jedidiah,Rubinivitz,jrubinivitzbq@telegraph.co.uk,Male
424,Giulia,Callendar,gcallendarbr@twitter.com,Female
425,Ev,Pie,epiebs@delicious.com,Male
426,Anna-maria,Kemwall,akemwallbt@github.com,Female
427,Dewain,Scase,dscasebu@angelfire.com,Non-binary
428,Aubrette,Boother,abootherbv@google.ca,Female
429,Wendeline,Dwire,wdwirebw@ucoz.ru,Polygender
430,Glenden,Ewols,gewolsbx@joomla.org,Male
431,Fulton,Peotz,fpeotzby@alibaba.com,Male
432,Hermy,Cabrer,hcabrerbz@google.nl,Male
433,Lynette,Salvador,lsalvadorc0@hhs.gov,Female
434,Conchita,Grinstead,cgrinsteadc1@uiuc.edu,Female
435,Odetta,O'Mannion,oomannionc2@ycombinator.com,Female
436,Heywood,Osant,hosantc3@disqus.com,Male
437,Thadeus,MacCostye,tmaccostyec4@163.com,Male
438,Oneida,Copnell,ocopnellc5@myspace.com,Female
439,Lorry,Yushankin,lyushankinc6@bandcamp.com,Male
440,Briano,Yole,byolec7@blinklist.com,Male
441,Byrann,Argent,bargentc8@wikimedia.org,Male
442,Kassie,Cory,kcoryc9@answers.com,Female
443,Deana,Escalero,descaleroca@tinypic.com,Female
444,Vern,Hixson,vhixsoncb@ucla.edu,Male
445,Dara,Mc Comb,dmccombcc@java.com,Female
446,Jemie,Yanov,jyanovcd@usda.gov,Female
447,Astrid,Tuminini,atumininice@chicagotribune.com,Female
448,Sherie,Luty,slutycf@engadget.com,Female
449,Gianni,Billett,gbillettcg@sogou.com,Male
450,Vonni,Craiker,vcraikerch@istockphoto.com,Female
451,Gilles,Raraty,graratyci@dyndns.org,Male
452,Halli,Clipsham,hclipshamcj@etsy.com,Female
453,Bellanca,Oene,boeneck@printfriendly.com,Female
454,Hyatt,Hayles,hhaylescl@wisc.edu,Male
455,Gustavo,Scarborough,gscarboroughcm@dion.ne.jp,Genderfluid
456,Colene,Minghi,cminghicn@nyu.edu,Female
457,Christy,Stothert,cstothertco@gravatar.com,Male
458,Beale,McLean,bmcleancp@dropbox.com,Male
459,Etty,O'Crowley,eocrowleycq@yellowpages.com,Polygender
460,Raychel,Howsden,rhowsdencr@harvard.edu,Female
461,Constancy,Linacre,clinacrecs@washington.edu,Female
462,Ettore,Whiten,ewhitenct@buzzfeed.com,Male
463,Maurits,Inger,mingercu@furl.net,Male
464,Essa,Cowndley,ecowndleycv@live.com,Female
465,Brady,Maren,bmarencw@dmoz.org,Male
466,Eli,Fritche,efritchecx@xing.com,Male
467,Gardner,Gwalter,ggwaltercy@cisco.com,Male
468,Gayle,Adam,gadamcz@sun.com,Male
469,Scarlett,O'Spellissey,sospellisseyd0@mlb.com,Female
470,Melonie,Kibbel,mkibbeld1@opensource.org,Female
471,Eartha,O' Liddy,eoliddyd2@ted.com,Female
472,Corinna,Lob,clobd3@hud.gov,Female
473,Emalee,Brumen,ebrumend4@nature.com,Agender
474,Abel,Steinson,asteinsond5@phoca.cz,Male
475,Jarad,Paynter,jpaynterd6@sbwire.com,Male
476,Loella,Benedtti,lbenedttid7@infoseek.co.jp,Female
477,Weber,Kynton,wkyntond8@nature.com,Male
478,Briana,Dilawey,bdilaweyd9@github.io,Female
479,Addia,Cuffe,acuffeda@craigslist.org,Female
480,Martino,Frotton,mfrottondb@omniture.com,Male
481,Sloan,Hauger,shaugerdc@epa.gov,Agender
482,Ernie,Melvin,emelvindd@163.com,Male
483,Henrietta,Gouge,hgougede@51.la,Female
484,Emmaline,Comben,ecombendf@home.pl,Female
485,Ric,Youngman,ryoungmandg@pcworld.com,Male
486,Demott,Gollop,dgollopdh@oakley.com,Male
487,Willy,Andrieu,wandrieudi@businessinsider.com,Male
488,Philbert,Glaze,pglazedj@aboutads.info,Male
489,Lanae,Bransom,lbransomdk@liveinternet.ru,Female
490,Rois,Tupper,rtupperdl@mayoclinic.com,Female
491,Violante,Doulden,vdouldendm@slashdot.org,Polygender
492,Corrinne,Tomaini,ctomainidn@eepurl.com,Female
493,Hube,Tortoise,htortoisedo@seesaa.net,Genderfluid
494,Georgi,Sharman,gsharmandp@spotify.com,Male
495,Hugo,Rosettini,hrosettinidq@dailymail.co.uk,Male
496,Dukey,Chislett,dchislettdr@slideshare.net,Male
497,Nady,Norval,nnorvalds@yelp.com,Female
498,Phebe,Norrey,pnorreydt@technorati.com,Female
499,Henryetta,Marchant,hmarchantdu@netlog.com,Female
500,Hubey,Mowlam,hmowlamdv@ning.com,Male
501,Arlee,Veck,aveckdw@dyndns.org,Female
502,Riobard,Gripton,rgriptondx@dion.ne.jp,Male
503,Malia,Rhoades,mrhoadesdy@tiny.cc,Female
504,Alejoa,Freyn,afreyndz@nasa.gov,Male
505,Tamas,Hexum,thexume0@weebly.com,Male
506,Faythe,Nerney,fnerneye1@pen.io,Genderqueer
507,Hector,Hurler,hhurlere2@yolasite.com,Agender
508,Erica,Ledley,eledleye3@printfriendly.com,Female
509,Anjela,Calderonello,acalderonelloe4@delicious.com,Female
510,Rab,Wardhaw,rwardhawe5@who.int,Male
511,Haily,Glisane,hglisanee6@dmoz.org,Female
512,Sabra,O'Kenny,sokennye7@fc2.com,Female
513,Marcella,Fattori,mfattorie8@columbia.edu,Bigender
514,Kelila,Visick,kvisicke9@oaic.gov.au,Female
515,Marianne,Howsan,mhowsanea@princeton.edu,Female
516,Webb,Elderbrant,welderbranteb@amazon.de,Male
517,Ethyl,Hrus,ehrusec@cbslocal.com,Female
518,Mada,Brigstock,mbrigstocked@aboutads.info,Female
519,Pansy,Leirmonth,pleirmonthee@biblegateway.com,Female
520,Stanton,Spat,sspatef@homestead.com,Male
521,Wolf,Yakushkev,wyakushkeveg@businessweek.com,Male
522,Bobbie,Culpen,bculpeneh@jugem.jp,Male
523,Elke,Caldwall,ecaldwallei@flickr.com,Female
524,Patton,Elgee,pelgeeej@yellowbook.com,Male
525,Mommy,Rintoul,mrintoulek@twitpic.com,Genderfluid
526,Man,Crossfield,mcrossfieldel@wufoo.com,Male
527,Barret,Sawford,bsawfordem@paypal.com,Male
528,Gaby,Fenimore,gfenimoreen@washington.edu,Male
529,Ramsey,Blakemore,rblakemoreeo@jimdo.com,Male
530,Josi,Squibb,jsquibbep@netscape.com,Female
531,Alameda,Siss,asisseq@state.tx.us,Female
532,Giacopo,Carter,gcarterer@techcrunch.com,Male
533,Marlon,Daley,mdaleyes@howstuffworks.com,Male
534,Robbin,Greenlees,rgreenleeset@pagesperso-orange.fr,Genderqueer
535,Byron,Pablos,bpabloseu@networksolutions.com,Male
536,Arlinda,Aingel,aaingelev@guardian.co.uk,Female
537,Klemens,Doley,kdoleyew@bigcartel.com,Polygender
538,York,Brammer,ybrammerex@people.com.cn,Male
539,Tito,Bestwick,tbestwickey@washington.edu,Male
540,Fredra,Likely,flikelyez@phoca.cz,Female
541,Bartram,Russ,brussf0@ask.com,Male
542,Marchall,Viollet,mviolletf1@vk.com,Male
543,Isaak,Snipe,isnipef2@squarespace.com,Male
544,Gilberte,Muddle,gmuddlef3@nyu.edu,Female
545,Patrizius,Cameron,pcameronf4@princeton.edu,Male
546,Mariann,De Wolfe,mdewolfef5@dion.ne.jp,Female
547,Wallas,Dolden,wdoldenf6@huffingtonpost.com,Male
548,Annadiana,Orknay,aorknayf7@un.org,Female
549,Neille,Deble,ndeblef8@prlog.org,Genderqueer
550,Zerk,Raeside,zraesidef9@parallels.com,Male
551,Sharron,Cottie,scottiefa@newsvine.com,Female
552,Marissa,Chadney,mchadneyfb@state.tx.us,Female
553,Janifer,Sainsbury,jsainsburyfc@nih.gov,Female
554,Killian,Ingry,kingryfd@lulu.com,Male
555,Josi,Pickersgill,jpickersgillfe@princeton.edu,Female
556,West,Boat,wboatff@photobucket.com,Male
557,Chev,Titt,ctittfg@tiny.cc,Male
558,Ailee,Sibary,asibaryfh@fotki.com,Female
559,Ric,Corns,rcornsfi@sina.com.cn,Male
560,Eleen,Camilleri,ecamillerifj@vinaora.com,Female
561,Harley,McClune,hmcclunefk@facebook.com,Male
562,Chrissy,Tilzey,ctilzeyfl@salon.com,Male
563,Bettina,Poytheras,bpoytherasfm@cornell.edu,Female
564,Bethina,Hawyes,bhawyesfn@europa.eu,Female
565,Kata,Beeby,kbeebyfo@mac.com,Female
566,Ambur,O'Finan,aofinanfp@canalblog.com,Female
567,Goddart,Glanister,gglanisterfq@un.org,Male
568,Shana,Caughtry,scaughtryfr@nsw.gov.au,Female
569,Neale,Petrus,npetrusfs@tumblr.com,Male
570,Nicol,Weins,nweinsft@qq.com,Female
571,Willamina,McNeill,wmcneillfu@cam.ac.uk,Female
572,Joe,Yarrow,jyarrowfv@trellian.com,Male
573,Hunt,Hargreves,hhargrevesfw@biblegateway.com,Male
574,Farlee,Shenton,fshentonfx@lulu.com,Male
575,Cy,Derdes,cderdesfy@microsoft.com,Male
576,Herbert,Quittonden,hquittondenfz@storify.com,Male
577,Laughton,Dobing,ldobingg0@imageshack.us,Male
578,Dore,Kerry,dkerryg1@unesco.org,Female
579,Maure,Hurndall,mhurndallg2@mapquest.com,Female
580,Gasper,Temblett,gtemblettg3@weibo.com,Male
581,Bruno,Mulhill,bmulhillg4@marriott.com,Male
582,Derwin,Paish,dpaishg5@etsy.com,Male
583,Conan,Lamberteschi,clamberteschig6@goo.gl,Male
584,Gwyn,MacCaull,gmaccaullg7@apache.org,Female
585,Fritz,McAndie,fmcandieg8@purevolume.com,Male
586,Barron,Cordet,bcordetg9@mozilla.com,Genderfluid
587,Rochella,Elphinstone,relphinstonega@creativecommons.org,Female
588,Cathy,Frears,cfrearsgb@buzzfeed.com,Female
589,Abel,Castanie,acastaniegc@discuz.net,Non-binary
590,Fidole,Bach,fbachgd@addtoany.com,Male
591,Aprilette,Sherrott,asherrottge@jiathis.com,Agender
592,Annmaria,Waumsley,awaumsleygf@people.com.cn,Female
593,Ryan,Breslane,rbreslanegg@mtv.com,Non-binary
594,Lemmy,Probert,lprobertgh@vimeo.com,Male
595,Garreth,Stockdale,gstockdalegi@ibm.com,Male
596,Willey,Delouch,wdelouchgj@bloomberg.com,Male
597,Pauline,Levesley,plevesleygk@theglobeandmail.com,Polygender
598,Zedekiah,Weedenburg,zweedenburggl@wp.com,Male
599,Con,Gayler,cgaylergm@cpanel.net,Male
600,Portie,O'Duane,poduanegn@mapquest.com,Non-binary
601,Delly,Blay,dblaygo@irs.gov,Female
602,Ody,Worthing,oworthinggp@fastcompany.com,Male
603,Sigvard,Hallihan,shallihangq@guardian.co.uk,Male
604,Llewellyn,Ruffle,lrufflegr@cyberchimps.com,Male
605,Craig,Rawlin,crawlings@yahoo.co.jp,Male
606,Odo,Petrolli,opetrolligt@ucsd.edu,Male
607,Koressa,Gamble,kgamblegu@cpanel.net,Female
608,Ailyn,Sines,asinesgv@live.com,Female
609,Ollie,Swiers,oswiersgw@webeden.co.uk,Male
610,Selie,Aleksashin,saleksashingx@jimdo.com,Female
611,Wood,McDavid,wmcdavidgy@go.com,Male
612,Dido,Banbridge,dbanbridgegz@clickbank.net,Female
613,Inesita,Gerrelt,igerrelth0@noaa.gov,Female
614,Batholomew,Roke,brokeh1@usgs.gov,Male
615,Jarib,Le Noire,jlenoireh2@latimes.com,Male
616,Gay,Kopman,gkopmanh3@smugmug.com,Male
617,Rosina,Maslin,rmaslinh4@blogtalkradio.com,Female
618,Burg,Hucquart,bhucquarth5@biblegateway.com,Male
619,Stefan,Shegog,sshegogh6@clickbank.net,Male
620,Garold,Espadas,gespadash7@amazonaws.com,Male
621,Tabbitha,Sheran,tsheranh8@nyu.edu,Female
622,Gale,Capes,gcapesh9@abc.net.au,Female
623,Garv,Salisbury,gsalisburyha@nhs.uk,Male
624,Beverie,Sorley,bsorleyhb@joomla.org,Female
625,Bryanty,Frisdick,bfrisdickhc@shutterfly.com,Male
626,Shurlock,Bolton,sboltonhd@tinypic.com,Male
627,Pembroke,Killelay,pkillelayhe@sfgate.com,Male
628,Rozanne,Widdup,rwidduphf@cnbc.com,Female
629,Bessy,Linch,blinchhg@amazon.co.uk,Agender
630,Malinda,Standish,mstandishhh@desdev.cn,Female
631,Karalynn,Andriessen,kandriessenhi@paypal.com,Female
632,Xena,Candey,xcandeyhj@fema.gov,Genderqueer
633,Moselle,Eddicott,meddicotthk@tripadvisor.com,Genderfluid
634,Liane,Teek,lteekhl@msu.edu,Polygender
635,Huntley,Aps,hapshm@weather.com,Male
636,Janna,Noto,jnotohn@comcast.net,Female
637,Herminia,Donaghie,hdonaghieho@prweb.com,Female
638,Hall,McClaren,hmcclarenhp@prweb.com,Male
639,Tobiah,Zute,tzutehq@about.com,Male
640,Mallory,Lingwood,mlingwoodhr@ihg.com,Male
641,Corbie,Ismay,cismayhs@w3.org,Male
642,Waiter,Crommett,wcrommettht@fastcompany.com,Male
643,Mortie,Gunnell,mgunnellhu@rakuten.co.jp,Male
644,Sanford,Wapol,swapolhv@ucoz.com,Male
645,Eleanora,Need,eneedhw@sciencedirect.com,Female
646,Frederik,Lines,flineshx@gravatar.com,Male
647,Ximenes,Rookesby,xrookesbyhy@slashdot.org,Male
648,Odell,Mynard,omynardhz@vk.com,Genderfluid
649,Clareta,Pideon,cpideoni0@reference.com,Female
650,Cristiano,O'Kelly,cokellyi1@com.com,Male
651,Jana,Robardley,jrobardleyi2@ask.com,Female
652,Niel,Beacom,nbeacomi3@altervista.org,Male
653,Layla,Speller,lspelleri4@naver.com,Female
654,Zorah,Brash,zbrashi5@woothemes.com,Female
655,Judith,Robertucci,jrobertuccii6@addthis.com,Female
656,Karyn,Tranckle,ktrancklei7@i2i.jp,Non-binary
657,Jackelyn,Shatford,jshatfordi8@stanford.edu,Female
658,Cordie,MacHostie,cmachostiei9@senate.gov,Male
659,Alanah,Soitoux,asoitouxia@vkontakte.ru,Female
660,Kristine,Kimbly,kkimblyib@about.me,Female
661,Arley,Boother,abootheric@mozilla.com,Male
662,Sebastien,MacIver,smaciverid@lycos.com,Male
663,Marshal,Pocknell,mpocknellie@cpanel.net,Male
664,Petey,Benneyworth,pbenneyworthif@gizmodo.com,Male
665,Bradney,Zecchinii,bzecchiniiig@ow.ly,Male
666,Adham,Labbey,alabbeyih@about.me,Male
667,Antonin,Chazerand,achazerandii@blog.com,Male
668,Hortensia,Balsellie,hbalsellieij@msn.com,Female
669,Ike,O'Longain,iolongainik@engadget.com,Male
670,Allys,Cargo,acargoil@cnn.com,Female
671,Cathlene,Scathard,cscathardim@google.com.hk,Female
672,Eden,Questier,equestierin@seattletimes.com,Female
673,Meridith,Matzke,mmatzkeio@army.mil,Female
674,Dyanna,Vernham,dvernhamip@discuz.net,Female
675,Octavia,Murrill,omurrilliq@cnbc.com,Female
676,Corrinne,Ivanov,civanovir@sbwire.com,Female
677,Delmor,Brandoni,dbrandoniis@squidoo.com,Male
678,Louella,Ivanisov,livanisovit@bigcartel.com,Female
679,Mallory,Mapstone,mmapstoneiu@macromedia.com,Male
680,Galven,Mulvihill,gmulvihilliv@timesonline.co.uk,Male
681,Ade,Girhard,agirhardiw@google.de,Male
682,Nola,Jantet,njantetix@tripod.com,Female
683,Demetrius,Tipton,dtiptoniy@sciencedaily.com,Male
684,Leupold,Paiton,lpaitoniz@rakuten.co.jp,Male
685,Tessie,Kenington,tkeningtonj0@list-manage.com,Female
686,Berenice,Geffinger,bgeffingerj1@answers.com,Genderqueer
687,Conway,Laffling,clafflingj2@wufoo.com,Male
688,Alfie,Moizer,amoizerj3@ed.gov,Male
689,Chevy,Coulson,ccoulsonj4@rediff.com,Non-binary
690,Emmie,Ryles,erylesj5@prlog.org,Female
691,Valeda,Millington,vmillingtonj6@gnu.org,Female
692,Ros,Carnegy,rcarnegyj7@behance.net,Female
693,Henka,Kyttor,hkyttorj8@tumblr.com,Female
694,Johnathon,Aimable,jaimablej9@360.cn,Male
695,Bernarr,Killiam,bkilliamja@toplist.cz,Male
696,Benton,Mc Trusty,bmctrustyjb@google.co.jp,Male
697,Golda,Dawtrey,gdawtreyjc@cnet.com,Female
698,Gert,Coundley,gcoundleyjd@japanpost.jp,Female
699,Bibbye,Marchelli,bmarchellije@naver.com,Female
700,Valerye,Dearnly,vdearnlyjf@nifty.com,Female
701,Cleo,Kirwood,ckirwoodjg@google.es,Female
702,Barbabra,Dunstall,bdunstalljh@dailymotion.com,Female
703,Mallory,Bonifazio,mbonifazioji@ocn.ne.jp,Male
704,Price,McKelloch,pmckellochjj@cornell.edu,Male
705,Hunter,Amerighi,hamerighijk@gizmodo.com,Male
706,Franny,Leveret,fleveretjl@berkeley.edu,Male
707,Willard,Longridge,wlongridgejm@jiathis.com,Male
708,Inglis,MacGovern,imacgovernjn@networkadvertising.org,Agender
709,Brandise,Dilke,bdilkejo@quantcast.com,Female
710,Penni,Furmston,pfurmstonjp@soundcloud.com,Female
711,Raf,Larrad,rlarradjq@slate.com,Female
712,Doro,Hurtado,dhurtadojr@fotki.com,Female
713,Jamaal,Alecock,jalecockjs@mit.edu,Male
714,Kahaleel,Jakoub,kjakoubjt@flavors.me,Male
715,Rafe,Burgin,rburginju@trellian.com,Male
716,Baldwin,Chiles,bchilesjv@vk.com,Male
717,Martyn,Pallister,mpallisterjw@disqus.com,Male
718,Wyn,Patel,wpateljx@liveinternet.ru,Male
719,Witty,Peplow,wpeplowjy@purevolume.com,Male
720,Yalonda,Roggers,yroggersjz@admin.ch,Female
721,Mariska,Haken,mhakenk0@about.com,Female
722,Gilbertine,Godmer,ggodmerk1@bing.com,Female
723,Kendricks,Jefferson,kjeffersonk2@msu.edu,Male
724,Justinn,Brixey,jbrixeyk3@google.com.br,Female
725,Thornie,Laible,tlaiblek4@hexun.com,Male
726,Ivory,Meardon,imeardonk5@ifeng.com,Female
727,Hayyim,Shewon,hshewonk6@washington.edu,Male
728,Shurlock,Harby,sharbyk7@lulu.com,Male
729,Friedrick,Yaneev,fyaneevk8@phoca.cz,Male
730,Pryce,Dummer,pdummerk9@myspace.com,Male
731,Millicent,Du Plantier,mduplantierka@nhs.uk,Female
732,Bevan,Tuite,btuitekb@psu.edu,Male
733,Gustavo,Gooderridge,ggooderridgekc@psu.edu,Male
734,Teodora,Chitty,tchittykd@blogspot.com,Female
735,Addi,Barker,abarkerke@sitemeter.com,Polygender
736,Burk,Drowsfield,bdrowsfieldkf@businessinsider.com,Male
737,Lari,Steljes,lsteljeskg@go.com,Female
738,Abe,Dickons,adickonskh@weebly.com,Male
739,Shirlee,Slyvester,sslyvesterki@ucsd.edu,Female
740,Dana,Wybron,dwybronkj@independent.co.uk,Female
741,Perle,Mozzi,pmozzikk@skyrock.com,Female
742,Ajay,Kiendl,akiendlkl@netvibes.com,Female
743,Herschel,Pinson,hpinsonkm@utexas.edu,Male
744,Roxana,Cudiff,rcudiffkn@51.la,Female
745,Talbot,Jackson,tjacksonko@tmall.com,Non-binary
746,Hyatt,Cronk,hcronkkp@newsvine.com,Male
747,Gaspard,Thornley,gthornleykq@illinois.edu,Male
748,Brook,Monelli,bmonellikr@mac.com,Female
749,Clemmie,Piaggia,cpiaggiaks@shutterfly.com,Male
750,Ricardo,Tomkies,rtomkieskt@nyu.edu,Male
751,Astra,Jocic,ajocicku@bandcamp.com,Female
752,Olivie,Haddrell,ohaddrellkv@guardian.co.uk,Agender
753,Gregorio,Woonton,gwoontonkw@etsy.com,Male
754,Joleen,Andrysek,jandrysekkx@unicef.org,Female
755,Valentine,Van Dijk,vvandijkky@addthis.com,Female
756,Manolo,Macellar,mmacellarkz@youtu.be,Non-binary
757,Chryste,Vanni,cvannil0@tinypic.com,Female
758,Dorelia,Baptiste,dbaptistel1@fema.gov,Female
759,Wright,Binden,wbindenl2@jalbum.net,Male
760,Tommi,Marielle,tmariellel3@omniture.com,Female
761,Alanna,Northing,anorthingl4@bbc.co.uk,Female
762,Dorella,Wignall,dwignalll5@php.net,Female
763,Trevar,Bramich,tbramichl6@arstechnica.com,Male
764,Ogden,McAlees,omcaleesl7@example.com,Male
765,Cordy,Rickford,crickfordl8@qq.com,Female
766,Reena,Hawkes,rhawkesl9@addtoany.com,Female
767,Octavia,Sattin,osattinla@epa.gov,Female
768,Veriee,McCay,vmccaylb@over-blog.com,Female
769,Page,Jedrzejczak,pjedrzejczaklc@github.com,Female
770,Miner,Westmancoat,mwestmancoatld@xrea.com,Male
771,Jocelin,Hugin,jhuginle@hubpages.com,Genderfluid
772,Pacorro,Duffie,pduffielf@bloglines.com,Male
773,Currie,Benham,cbenhamlg@time.com,Genderfluid
774,Kari,Dixcee,kdixceelh@fastcompany.com,Female
775,Quinta,Ellam,qellamli@comcast.net,Female
776,Mattie,Giacoppo,mgiacoppolj@oaic.gov.au,Genderqueer
777,Catlee,Vinnick,cvinnicklk@indiegogo.com,Female
778,Alyse,Wackett,awackettll@amazon.co.uk,Female
779,Inger,Harmstone,iharmstonelm@engadget.com,Male
780,Sheela,Embleton,sembletonln@cargocollective.com,Female
781,Clayton,Sainsberry,csainsberrylo@amazonaws.com,Male
782,Avie,Dickons,adickonslp@gnu.org,Female
783,Deana,Benning,dbenninglq@arizona.edu,Non-binary
784,Clemmy,Windross,cwindrosslr@woothemes.com,Male
785,Lona,Verrill,lverrillls@ca.gov,Bigender
786,Redd,Mursell,rmurselllt@shop-pro.jp,Male
787,Friederike,Boulden,fbouldenlu@plala.or.jp,Non-binary
788,Tabbie,Shingler,tshinglerlv@ed.gov,Male
789,Marika,Touhig,mtouhiglw@ask.com,Female
790,Bertie,Ambrois,bambroislx@wikipedia.org,Male
791,Selig,Skillett,sskillettly@e-recht24.de,Male
792,Genevieve,Wallace,gwallacelz@mysql.com,Female
793,Lise,Crielly,lcriellym0@harvard.edu,Female
794,Sadye,Osment,sosmentm1@github.com,Female
795,Hobey,Jouhning,hjouhningm2@cam.ac.uk,Male
796,Matthaeus,Hofler,mhoflerm3@angelfire.com,Male
797,Ebenezer,Livesay,elivesaym4@vistaprint.com,Male
798,Gunther,Leggis,gleggism5@vinaora.com,Male
799,Dorothee,Keepin,dkeepinm6@state.gov,Genderfluid
800,Anneliese,Lammers,alammersm7@va.gov,Female
801,Bren,Northleigh,bnorthleighm8@yandex.ru,Male
802,Antoni,Ben,abenm9@constantcontact.com,Male
803,Nikolia,Cadogan,ncadoganma@studiopress.com,Female
804,Ardeen,Rudinger,arudingermb@4shared.com,Female
805,Ddene,Carmichael,dcarmichaelmc@techcrunch.com,Female
806,Vic,Lantiff,vlantiffmd@wix.com,Male
807,Lombard,Waddoups,lwaddoupsme@qq.com,Polygender
808,Stacy,Dairton,sdairtonmf@wsj.com,Male
809,Dix,Goakes,dgoakesmg@people.com.cn,Female
810,Cordy,Penman,cpenmanmh@1und1.de,Female
811,Lanny,Trigg,ltriggmi@fema.gov,Female
812,Annalee,Hodinton,ahodintonmj@samsung.com,Female
813,Carlo,Yewman,cyewmanmk@printfriendly.com,Male
814,Amber,Howden,ahowdenml@upenn.edu,Female
815,Wittie,Pender,wpendermm@gov.uk,Agender
816,Tyler,Creffield,tcreffieldmn@cnn.com,Male
817,Aylmer,Haselwood,ahaselwoodmo@wikia.com,Male
818,Ara,Biskupek,abiskupekmp@ucoz.ru,Male
819,Leonerd,Foddy,lfoddymq@intel.com,Male
820,Llewellyn,Blainey,lblaineymr@senate.gov,Male
821,Manolo,Bickell,mbickellms@msu.edu,Genderfluid
822,Sheree,Pfeifer,spfeifermt@bloglines.com,Female
823,Dixie,Hubble,dhubblemu@walmart.com,Female
824,Farrell,Giacomozzo,fgiacomozzomv@ox.ac.uk,Male
825,Gabby,Jurkiewicz,gjurkiewiczmw@businessweek.com,Male
826,Darwin,Mashro,dmashromx@apache.org,Male
827,Michaeline,Mc Dermid,mmcdermidmy@jigsy.com,Female
828,Kristoffer,Stallwood,kstallwoodmz@ask.com,Bigender
829,Zedekiah,Giorgi,zgiorgin0@booking.com,Male
830,Gabriel,Beddo,gbeddon1@vimeo.com,Polygender
831,Mariann,Cutten,mcuttenn2@fema.gov,Female
832,Lucas,Sturridge,lsturridgen3@4shared.com,Agender
833,Susanne,Goodall,sgoodalln4@icq.com,Female
834,Blaire,Minico,bminicon5@answers.com,Agender
835,Doti,Kiossel,dkiosseln6@boston.com,Female
836,Constanta,Chadney,cchadneyn7@multiply.com,Female
837,Ernestine,Langworthy,elangworthyn8@barnesandnoble.com,Genderfluid
838,Morgen,Boorne,mboornen9@furl.net,Female
839,Perice,Delucia,pdeluciana@google.fr,Genderfluid
840,Whitney,Ellerton,wellertonnb@auda.org.au,Bigender
841,Lind,Elbourn,lelbournnc@state.tx.us,Male
842,Jessalyn,Dyerson,jdyersonnd@histats.com,Female
843,Carry,Libri,clibrine@nyu.edu,Female
844,Brenden,Heephy,bheephynf@biglobe.ne.jp,Male
845,Nikolaus,Dellenbroker,ndellenbrokerng@alexa.com,Male
846,Reinhold,Hares,rharesnh@yahoo.com,Male
847,Gabriele,Cranfield,gcranfieldni@clickbank.net,Male
848,Lothario,Guiso,lguisonj@desdev.cn,Male
849,Riannon,Szymonowicz,rszymonowicznk@bloglovin.com,Female
850,Darrelle,Cochet,dcochetnl@myspace.com,Genderqueer
851,Link,Godlip,lgodlipnm@unblog.fr,Male
852,Miranda,Rivard,mrivardnn@networkadvertising.org,Female
853,Buckie,Lamacraft,blamacraftno@163.com,Male
854,Josey,Scohier,jscohiernp@apple.com,Genderfluid
855,Ignace,Waber,iwabernq@merriam-webster.com,Male
856,Teressa,Shaplin,tshaplinnr@fotki.com,Female
857,Tyne,Verrall,tverrallns@state.gov,Female
858,Lazare,Fodden,lfoddennt@sfgate.com,Male
859,Arch,Viles,avilesnu@shutterfly.com,Male
860,Joel,Jeffress,jjeffressnv@vistaprint.com,Male
861,Belvia,Blumire,bblumirenw@jigsy.com,Female
862,Werner,Banker,wbankernx@gnu.org,Male
863,Layton,De Wolfe,ldewolfeny@gravatar.com,Male
864,Rey,Scaysbrook,rscaysbrooknz@weebly.com,Female
865,Sutton,Ruger,srugero0@si.edu,Male
866,Lorrie,Bodham,lbodhamo1@barnesandnoble.com,Female
867,Mel,Donoher,mdonohero2@intel.com,Male
868,Aretha,Tampin,atampino3@cnn.com,Non-binary
869,Pamelina,Ungerecht,pungerechto4@hhs.gov,Female
870,Lotte,Birtwisle,lbirtwisleo5@quantcast.com,Female
871,Cherry,Harbidge,charbidgeo6@plala.or.jp,Female
872,Kakalina,Gellion,kgelliono7@patch.com,Bigender
873,Kendra,Happel,khappelo8@state.gov,Bigender
874,Mara,MacCroary,mmaccroaryo9@php.net,Female
875,Orran,Summerlie,osummerlieoa@sbwire.com,Male
876,Brnaba,Edis,bedisob@whitehouse.gov,Male
877,Clerkclaude,Seamarke,cseamarkeoc@bloglines.com,Male
878,Gottfried,Olver,golverod@imageshack.us,Male
879,Maye,Crimin,mcriminoe@instagram.com,Female
880,Penrod,Lackemann,plackemannof@berkeley.edu,Male
881,Graeme,Gowers,ggowersog@pen.io,Male
882,Zaria,Chaudron,zchaudronoh@msn.com,Female
883,Tuesday,Pollicote,tpollicoteoi@histats.com,Female
884,Susie,Foulds,sfouldsoj@nps.gov,Female
885,Brocky,Henaughan,bhenaughanok@addthis.com,Male
886,Karoly,Picardo,kpicardool@google.co.uk,Female
887,Ede,Hearle,ehearleom@arstechnica.com,Female
888,Norris,Patriche,npatricheon@economist.com,Male
889,Keriann,Damrel,kdamreloo@topsy.com,Female
890,Karel,Squelch,ksquelchop@upenn.edu,Female
891,Floyd,Whatley,fwhatleyoq@businessinsider.com,Male
892,Lorilyn,Lovelock,llovelockor@eventbrite.com,Bigender
893,Hobart,Hoyles,hhoylesos@cnet.com,Male
894,Ben,Ferie,bferieot@marketwatch.com,Male
895,Todd,Attrey,tattreyou@prlog.org,Male
896,Maryjo,Tresvina,mtresvinaov@boston.com,Female
897,La verne,Curuclis,lcuruclisow@huffingtonpost.com,Female
898,Cleavland,Extall,cextallox@census.gov,Male
899,Norrie,MacMichael,nmacmichaeloy@tumblr.com,Female
900,Porter,McKaile,pmckaileoz@statcounter.com,Male
901,Mel,Scogings,mscogingsp0@multiply.com,Female
902,Melonie,Siccombe,msiccombep1@rediff.com,Female
903,Anthiathia,Ellaway,aellawayp2@ucsd.edu,Female
904,Micheline,Sallows,msallowsp3@unblog.fr,Female
905,Margaretha,MacKey,mmackeyp4@drupal.org,Female
906,Julieta,Casarino,jcasarinop5@macromedia.com,Female
907,Clywd,Tumasian,ctumasianp6@bloglovin.com,Male
908,Dodie,Tumbridge,dtumbridgep7@accuweather.com,Female
909,Petunia,Skillern,pskillernp8@hatena.ne.jp,Female
910,Gregorius,Vahey,gvaheyp9@japanpost.jp,Male
911,Heinrick,Warriner,hwarrinerpa@trellian.com,Male
912,Timothy,Bloomfield,tbloomfieldpb@yahoo.com,Male
913,Enid,Anmore,eanmorepc@wordpress.org,Female
914,Tedda,Chilver,tchilverpd@disqus.com,Female
915,Bordy,Clapston,bclapstonpe@ft.com,Male
916,Imogene,Boraston,iborastonpf@statcounter.com,Female
917,Zachary,Stennard,zstennardpg@opensource.org,Male
918,Gasparo,Vicker,gvickerph@imdb.com,Male
919,Adelina,Swain,aswainpi@cnbc.com,Female
920,Ford,Teek,fteekpj@fastcompany.com,Male
921,Jackie,Kear,jkearpk@t-online.de,Male
922,Ida,Sharplin,isharplinpl@goo.gl,Female
923,Webster,Tolcharde,wtolchardepm@cam.ac.uk,Bigender
924,Shayne,Wykey,swykeypn@usgs.gov,Male
925,Mano,Carragher,mcarragherpo@yandex.ru,Genderqueer
926,Nicky,Satteford,nsattefordpp@slate.com,Female
927,Skylar,Hysom,shysompq@reverbnation.com,Genderfluid
928,Aimee,Millan,amillanpr@google.com.br,Female
929,Leighton,Allingham,lallinghamps@aol.com,Male
930,Kristopher,Colrein,kcolreinpt@dyndns.org,Male
931,Inigo,Potbury,ipotburypu@kickstarter.com,Male
932,Agnesse,Balog,abalogpv@simplemachines.org,Bigender
933,Thoma,Pawley,tpawleypw@yahoo.co.jp,Male
934,Morganne,Oxton,moxtonpx@google.co.uk,Female
935,Shir,Bosket,sbosketpy@360.cn,Female
936,Abbott,Bridal,abridalpz@geocities.com,Male
937,Sherye,Fraser,sfraserq0@amazon.co.jp,Non-binary
938,Mohandas,Frankis,mfrankisq1@apache.org,Male
939,Gal,Dooman,gdoomanq2@ebay.co.uk,Male
940,Nannie,Cato,ncatoq3@smh.com.au,Female
941,Jaine,Gretham,jgrethamq4@hatena.ne.jp,Female
942,Christos,Vasenkov,cvasenkovq5@weather.com,Genderqueer
943,Ivar,Jacson,ijacsonq6@qq.com,Male
944,Charlotte,Brice,cbriceq7@discuz.net,Bigender
945,Nicolai,Jack,njackq8@feedburner.com,Male
946,Glynn,Rouse,grouseq9@kickstarter.com,Male
947,Shell,Haig,shaigqa@virginia.edu,Male
948,Clevey,Kloisner,ckloisnerqb@aboutads.info,Male
949,Bing,Abrahmer,babrahmerqc@bandcamp.com,Male
950,Sophronia,Willshere,swillshereqd@sfgate.com,Female
951,Jefferson,Haton,jhatonqe@businessinsider.com,Male
952,Celeste,Loade,cloadeqf@devhub.com,Female
953,Leon,Leitch,lleitchqg@unc.edu,Male
954,Samuele,Chamney,schamneyqh@mac.com,Male
955,Johannes,Murkin,jmurkinqi@amazon.co.jp,Male
956,Dottie,Yuille,dyuilleqj@rakuten.co.jp,Female
957,Grady,Beatens,gbeatensqk@meetup.com,Male
958,Arlen,Degoix,adegoixql@mysql.com,Female
959,Ilyssa,Webling,iweblingqm@w3.org,Female
960,Dani,Sangra,dsangraqn@zdnet.com,Female
961,Sharon,Bridewell,sbridewellqo@discuz.net,Female
962,Faulkner,Paxman,fpaxmanqp@elpais.com,Male
963,Faythe,Coltart,fcoltartqq@merriam-webster.com,Female
964,Arther,Ottosen,aottosenqr@ustream.tv,Male
965,Dean,Freear,dfreearqs@google.de,Male
966,Angelique,Iorio,aiorioqt@jigsy.com,Female
967,Otho,Silverman,osilvermanqu@bravesites.com,Male
968,Freddie,Pring,fpringqv@nps.gov,Male
969,Carl,Parradice,cparradiceqw@biglobe.ne.jp,Male
970,Ardeen,Beange,abeangeqx@reverbnation.com,Female
971,Quincey,Frunks,qfrunksqy@wix.com,Male
972,Percy,Worts,pwortsqz@ovh.net,Male
973,Myriam,Tattoo,mtattoor0@imageshack.us,Female
974,Haily,Edgson,hedgsonr1@mozilla.org,Male
975,Tamas,Stokes,tstokesr2@yale.edu,Male
976,Valentijn,Fritz,vfritzr3@simplemachines.org,Male
977,Denney,Fitzsimons,dfitzsimonsr4@sciencedaily.com,Male
978,Adams,Danielczyk,adanielczykr5@yellowpages.com,Male
979,Jennette,Cottom,jcottomr6@1688.com,Female
980,Iolanthe,Ollerhead,iollerheadr7@washingtonpost.com,Female
981,Teddie,Dwyr,tdwyrr8@unblog.fr,Male
982,Cassie,Eakins,ceakinsr9@imdb.com,Male
983,Riobard,Temby,rtembyra@blogger.com,Male
984,Preston,Rishman,prishmanrb@icq.com,Male
985,Marcel,Matten,mmattenrc@cdc.gov,Male
986,Carole,Fitzmaurice,cfitzmauricerd@redcross.org,Female
987,Dugald,Martinovsky,dmartinovskyre@redcross.org,Male
988,Angy,Clac,aclacrf@github.com,Female
989,Maible,Huikerby,mhuikerbyrg@pagesperso-orange.fr,Female
990,Philbert,MacGilmartin,pmacgilmartinrh@zdnet.com,Polygender
991,Muire,Soffe,msofferi@arstechnica.com,Female
992,Rania,Campbell-Dunlop,rcampbelldunloprj@nba.com,Female
993,Archibold,Carmichael,acarmichaelrk@home.pl,Male
994,Arel,Carty,acartyrl@foxnews.com,Male
995,Clarie,Gillicuddy,cgillicuddyrm@dot.gov,Female
996,Friedrich,Clutram,fclutramrn@is.gd,Male
997,Sollie,Haskayne,shaskaynero@wp.com,Male
998,Korry,Sinden,ksindenrp@nasa.gov,Female
999,Waylon,Hallard,whallardrq@biglobe.ne.jp,Male
1000,Bronson,Doiley,bdoileyrr@amazon.de,Male
